draw_no,date,n1,n2,n3,n4,n5,n6,bonus,sales,w1_prize,w1_winners,w2_prize,w2_winners,w3_prize,w3_winners,w4_prize,w4_winners,w5_prize,w5_winners,auto,semi_auto,manual
1,2002-12-07,10,23,29,33,37,40,16,3681782000,0,0,143934100,1,5140500,28,113400,2537,10000,40155,,,
2,2002-12-14,9,13,21,25,32,42,2,4904274000,2002006800,1,94866800,2,1842000,103,100800,3763,10000,55480,,,
3,2002-12-21,11,16,19,21,27,31,30,4729342000,2000000000,1,0,0,1174100,139,54900,5940,10000,73256,,,
4,2002-12-28,14,27,30,31,40,42,2,5271464000,0,0,211191200,1,7282400,29,152100,2777,10000,52382,,,
5,2003-01-04,16,24,29,40,41,42,3,6277102000,0,0,0,0,6033800,42,166500,3043,10000,60434,,,
6,2003-01-11,14,15,26,27,40,42,34,15305356000,6574451700,1,196297600,3,4267300,138,87600,13445,10000,176375,,,
7,2003-01-18,2,9,16,25,26,40,42,12794890000,0,0,48165000,9,1605500,270,65500,13229,10000,206259,,,
8,2003-01-25,8,19,25,34,37,39,9,20751450000,0,0,131555000,6,2268100,348,110500,14279,10000,248242,,,
9,2003-02-01,2,4,16,17,36,39,14,73624020000,0,0,769456500,4,8743800,352,260000,23672,10000,603375,,,
10,2003-02-08,9,25,30,33,41,44,6,260856392000,6430437900,13,40813400,236,856400,11247,27300,703234,10000,3410846,,,
11,2003-02-15,1,7,36,37,41,42,14,91925306000,4780152300,5,362132700,11,9307100,428,206800,38515,10000,612805,,,
12,2003-02-22,2,11,21,25,39,45,44,76255508000,1348845700,12,99914400,27,1417500,1903,70200,76845,10000,1115084,,,
13,2003-03-01,22,23,25,37,38,42,26,66532136000,0,0,433309300,6,5777400,450,175600,29601,10000,726751,,,
14,2003-03-08,2,6,12,31,33,40,15,99838648000,9375048300,4,130363400,28,2568700,1421,93900,77736,10000,1341756,,,
15,2003-03-15,3,4,16,30,31,37,13,73264910000,17014245000,1,177231700,16,5571100,509,144600,39202,10000,827538,,,
16,2003-03-22,6,7,24,37,38,40,33,75777348000,4377146100,4,243174700,12,3385200,862,123500,47255,10000,870770,,,
17,2003-03-29,3,4,9,17,32,37,1,72718152000,5349491200,3,297193900,9,2342100,1142,86700,61651,10000,961162,,,
18,2003-04-05,3,12,13,19,32,35,29,66371660000,0,0,175017300,15,3953700,664,136500,38453,10000,693323,,,
19,2003-04-12,6,30,38,39,40,43,26,105957818000,40722959400,1,297278500,14,5971100,697,150900,55154,10000,1135991,,,
20,2003-04-19,10,14,18,20,23,30,41,81056776000,19352212800,1,230383400,14,3632100,888,133900,48158,10000,827470,,,
21,2003-04-26,6,12,17,18,31,32,21,84247142000,797475400,23,117576500,26,1522400,2008,73600,82996,10000,1155368,,,
22,2003-05-03,4,5,6,8,17,39,25,79455152000,4552194900,4,94837300,32,3669600,827,113900,53248,10000,937961,,,
23,2003-05-10,5,13,17,18,33,42,44,77374256000,4317947700,4,125157900,23,2098100,1372,90300,63717,10000,990081,,,
24,2003-05-17,7,8,27,29,36,43,6,78486634000,0,0,176023700,18,3425300,925,120000,52777,10000,755905,,,
25,2003-05-24,2,4,21,26,43,44,16,120073768000,24227745300,2,175267400,28,4417100,1111,166600,58903,10000,1096200,,,
26,2003-05-31,4,5,7,18,20,25,31,80193026000,3495069900,5,74680900,39,2173500,1340,80600,72252,10000,1097093,,,
27,2003-06-07,1,20,26,28,37,43,27,76145050000,9543982500,2,198832900,16,5494500,579,189800,33509,10000,625925,,,
28,2003-06-14,9,18,23,25,35,37,1,75448366000,1700361100,10,128815200,22,2434600,1164,97900,57870,10000,938483,,,
29,2003-06-21,1,5,13,34,39,40,11,74523120000,3552594000,5,174146700,17,3936800,752,139800,42347,10000,765661,,,
30,2003-06-28,8,17,20,35,36,44,4,72399690000,8728555500,2,132250800,22,3336600,872,137500,42319,10000,710466,,,
31,2003-07-05,7,9,18,23,28,35,32,71317306000,8106672900,2,93180100,29,2391300,1130,92500,58406,10000,863641,,,
32,2003-07-12,6,14,19,25,34,44,11,71179198000,1634528300,10,55596200,49,2264500,1203,103300,52704,10000,834746,,,
33,2003-07-19,4,7,32,33,40,41,9,67457252000,14903517600,1,60583400,41,2336700,1063,95200,52142,10000,888943,,,
34,2003-07-26,9,26,35,37,40,42,2,69389894000,3056918000,5,56609500,45,2015300,1264,74300,68519,10000,922063,,,
35,2003-08-02,2,3,11,26,37,43,39,66143062000,5054598200,3,105304100,24,2708700,933,107800,46866,10000,779854,,,
36,2003-08-09,1,10,23,26,28,40,31,66856686000,16014475800,1,140477800,19,3475300,768,139300,38321,10000,673755,,,
37,2003-08-16,7,27,30,33,35,37,42,65509794000,4985999400,3,124649900,20,2908900,857,107600,46334,10000,782490,,,
38,2003-08-23,16,17,22,30,37,43,36,67369284000,5374866400,3,149301800,18,3957900,679,147700,36377,10000,681031,,,
39,2003-08-30,6,7,13,15,21,43,8,66094476000,2623748800,6,104949900,25,3753500,699,135400,38752,10000,680975,,,
40,2003-09-06,7,13,18,19,25,26,6,65699086000,1147652400,13,56513100,44,2356900,1055,76400,65081,10000,798374,,,
41,2003-09-13,13,20,23,35,38,43,34,57624562000,0,0,109404000,21,3282100,700,135900,33805,10000,583744,,,
42,2003-09-20,17,18,19,21,23,32,1,119909740000,6899280100,6,131479800,35,3275200,1405,115700,79543,10000,1393691,,,
43,2003-09-27,6,31,35,38,39,44,1,74686296000,17749630800,1,140870000,21,3194600,926,131200,45078,10000,776043,,,
44,2003-10-04,3,11,21,30,38,45,39,69956950000,3362155800,5,121817200,23,3569100,785,139700,40092,10000,696051,,,
45,2003-10-11,1,10,20,27,33,35,17,71216232000,8356417800,2,103165600,27,3129700,890,122500,45470,10000,775339,,,
46,2003-10-18,8,13,15,23,31,38,39,68181568000,5327758800,3,68304600,39,2554000,1043,117700,45243,10000,745199,,,
47,2003-10-25,14,17,26,31,36,45,27,67756694000,3250042400,5,246215300,11,3002600,902,133400,40580,10000,679466,,,
48,2003-11-01,6,10,18,26,37,38,3,65806832000,2415673600,6,96626900,25,1888700,1279,83200,58047,10000,874668,,,
49,2003-11-08,4,7,16,19,33,40,30,64501142000,1967504600,7,46845300,49,1543600,1487,69000,66451,10000,929635,,,
50,2003-11-15,2,10,12,15,22,44,1,65563234000,5227061400,3,186680700,14,3164000,826,129700,40296,10000,664631,,,
51,2003-11-22,2,3,11,16,26,44,35,62553680000,2421117000,6,93119800,26,2519300,961,105900,45707,10000,706567,,,
52,2003-11-29,2,4,15,16,20,29,1,64393446000,3900844900,4,200043300,13,3887200,669,150000,34665,10000,619109,,,
53,2003-12-06,7,8,14,32,33,39,42,64996010000,5014371000,3,100287400,25,3126100,802,110500,45372,10000,742615,,,
54,2003-12-13,1,8,21,27,36,39,37,63833006000,5148626600,3,171620800,15,3580400,719,147700,34854,10000,617337,,,
55,2003-12-20,17,21,31,37,40,44,7,62195764000,7088799600,2,98455500,24,3245700,728,111000,42550,10000,746855,,,
56,2003-12-27,10,14,30,31,33,37,19,65258932000,3777570900,4,86840700,29,1853100,1359,122300,41156,10000,744566,,,
57,2004-01-03,7,10,16,25,29,44,6,70132666000,4114411900,4,109717600,25,2857200,960,124500,44050,10000,763692,,,
58,2004-01-10,10,24,25,33,40,44,1,66638136000,3676429200,4,62844900,39,1859600,1318,84200,58215,10000,880954,,,
59,2004-01-17,6,29,36,39,41,45,13,67563698000,4127587300,4,119640200,23,4226900,651,157100,35026,10000,626460,,,
60,2004-01-24,2,8,25,36,39,42,11,65405936000,2172504600,7,93873600,27,2329500,1088,110800,45712,10000,735708,,,
61,2004-01-31,14,15,19,30,38,43,8,73312994000,3541038800,5,268260500,11,3740000,789,143100,41227,10000,714784,,,
62,2004-02-07,3,8,15,27,29,35,21,66740368000,15817286400,1,119827900,22,3179900,829,126400,41686,10000,700804,,,
63,2004-02-14,3,20,23,36,38,40,5,67074050000,7922245500,2,101567200,26,3204700,824,127200,41505,10000,712954,,,
64,2004-02-21,14,15,18,21,26,36,39,65085154000,3899818000,4,236352600,11,3993600,651,140000,37117,10000,654379,,,
65,2004-02-28,4,25,33,36,40,43,39,66685144000,3727945800,4,92048000,27,2477800,1003,94500,52556,10000,848960,,,
66,2004-03-06,2,3,7,17,22,24,45,63378796000,3685138200,4,129303000,19,3125600,786,122200,40188,10000,712181,,,
67,2004-03-13,3,7,10,15,36,38,33,64314872000,2114436500,7,39787700,62,2537900,972,105500,46740,10000,748901,,,
68,2004-03-20,10,12,15,16,26,39,38,63813236000,2945882100,5,122745000,20,3255800,754,113400,43265,10000,735760,,,
69,2004-03-27,5,8,14,15,19,39,35,63711302000,4962712200,3,124067800,20,3239300,766,120300,41220,10000,704209,,,
70,2004-04-03,5,19,22,25,28,43,26,63232578000,5031277800,3,179688400,14,3508500,717,136700,36781,10000,645990,,,
71,2004-04-10,5,9,12,16,29,41,21,62889986000,0,0,88745200,28,3177500,782,125700,39516,10000,659631,,,
72,2004-04-17,2,4,11,17,26,27,1,125651214000,3260524600,13,104081800,44,1824500,2510,80300,113994,10000,1702959,,,
73,2004-04-24,3,12,18,32,40,43,38,72635862000,2766662100,6,106410000,26,2029800,1363,99500,55608,10000,865131,,,
74,2004-05-01,6,15,17,18,35,40,23,68902158000,5284949800,3,66061800,40,2588100,1021,109100,48438,10000,802633,,,
75,2004-05-08,2,5,24,32,34,44,28,66138372000,3914616900,4,137354900,19,3194300,817,127900,40782,10000,697174,,,
76,2004-05-15,1,3,15,22,25,37,43,65083924000,7451022600,2,146098400,17,2956700,840,111600,44504,10000,770522,,,
77,2004-05-22,2,18,29,32,43,44,37,64420666000,5155758600,3,135677800,19,3615500,713,139200,37033,10000,643154,,,
78,2004-05-29,10,13,25,29,33,35,38,61257794000,3519850000,4,106662100,22,2578600,910,110500,42450,10000,716323,,,
79,2004-06-05,3,12,24,27,30,32,14,60390004000,3416443800,4,73471910,31,1904373,1196,92154,49431,10000,741871,,,
80,2004-06-12,17,18,24,25,26,30,1,60160440000,13809540000,1,143849375,16,2651602,868,114362,40251,10000,706432,,,
81,2004-06-19,5,7,11,13,20,33,6,60983308000,2714288880,5,113095370,20,2162436,1046,87580,51654,10000,787258,,,
82,2004-06-26,1,2,3,14,27,42,39,61302808000,14562494400,1,121354120,20,3810177,637,134320,36139,10000,638058,,,
83,2004-07-03,6,10,15,17,19,34,14,62512062000,7086948300,2,157487740,15,2775930,851,102880,45924,10000,763287,,,
84,2004-07-10,16,23,27,34,42,45,11,62780760000,7669779000,2,150387824,17,4026131,635,157805,32402,10000,582445,,,
85,2004-07-17,6,8,13,23,31,36,21,59451304000,3462109800,4,74453975,31,2804464,823,110577,41746,10000,664492,,,
86,2004-07-24,2,12,37,39,41,45,33,59835968000,14252186400,1,148460275,16,3887667,611,135515,35057,10000,616434,,,
87,2004-07-31,4,12,16,23,34,43,26,83793642000,1799358055,11,99964337,33,2639059,1250,120466,54768,10000,890859,,,
88,2004-08-07,1,17,20,24,30,41,27,51910612000,3069709650,4,66015262,31,1729902,1183,63321,64639,5000,1098115,,,
89,2004-08-14,4,26,28,29,33,40,37,55102179000,4248321900,3,70805365,30,1585195,1340,58463,72667,5000,1261896,,,
90,2004-08-21,17,20,29,35,38,44,10,55493544000,3291435300,4,64537948,34,1691820,1297,64645,67888,5000,1160774,,,
91,2004-08-28,1,21,24,26,29,42,27,59061052000,3582902400,4,74643800,32,1982242,1205,74431,64183,5000,1128902,,,
92,2004-09-04,3,14,24,33,35,36,17,58296001000,1233270846,11,45219931,50,1393098,1623,57011,79319,5000,1307607,,,
93,2004-09-11,6,22,24,36,38,44,19,57236313000,2269178150,6,87276083,26,1552106,1462,66160,68597,5000,1185275,,,
94,2004-09-18,5,32,34,40,41,45,6,57144729000,2245339950,6,59087894,38,1659527,1353,63155,71106,5000,1223793,,,
95,2004-09-25,8,17,27,31,34,43,14,60077493000,1747741238,8,48548368,48,1348566,1728,56540,82432,5000,1347106,,,
96,2004-10-02,1,3,8,21,22,31,20,54217572000,1847133515,7,56710240,38,1800326,1197,66002,65301,5000,1111779,,,
97,2004-10-09,6,7,14,15,20,36,3,57713200000,1496214000,9,48789587,46,1454518,1543,58123,77227,5000,1282678,,,
98,2004-10-16,6,9,16,23,24,32,43,56231084000,3177972300,4,47081072,45,1126941,1880,48251,87818,5000,1385812,,,
99,2004-10-23,1,3,10,27,29,37,11,56207491000,2169219050,6,54230477,40,1372056,1581,56196,77203,5000,1282311,,,
100,2004-10-30,1,7,11,23,37,42,6,56561977000,3315315525,4,61394732,36,1431484,1544,57484,76899,5000,1235777,,,
101,2004-11-06,1,3,17,32,35,45,8,57585065000,2707297500,5,59370560,38,1605752,1405,61634,73210,5000,1246344,,,
102,2004-11-13,17,22,24,26,35,40,42,56937962000,1457153067,9,91072067,24,1616664,1352,57919,75476,5000,1322337,,,
103,2004-11-20,5,14,15,27,30,45,10,57420615000,1691589563,8,59354020,38,1424797,1583,59679,75587,5000,1231156,,,
104,2004-11-27,17,32,33,34,42,44,35,56533705000,6610743750,2,95807881,23,1704240,1293,61361,71824,5000,1246208,,,
105,2004-12-04,8,10,20,34,41,45,28,57479716000,3416781450,4,87609781,26,1711386,1331,65904,69127,5000,1192263,,,
106,2004-12-11,4,10,12,22,24,33,29,57384485000,810461157,16,54030744,40,1051182,2056,46205,93551,5000,1415989,,,
107,2004-12-18,1,4,5,6,9,31,17,57545202000,6679927800,2,63618360,35,1020928,2181,48590,91651,5000,1301235,,,
108,2004-12-25,7,18,22,23,29,44,12,58875228000,1998900772,7,56879291,41,1595111,1462,65853,70827,5000,1223421,,,
109,2005-01-01,1,5,34,36,42,44,33,62584098000,1246838200,12,80441175,31,1670246,1493,68153,73179,5000,1271057,,,
110,2005-01-08,7,20,22,23,29,43,1,57625490000,4566262000,3,60082395,38,1640181,1392,61980,73674,5000,1196287,,,
111,2005-01-15,7,18,31,33,36,40,27,57876999000,2199047450,6,43118578,51,1268194,1734,50633,86863,5000,1389605,,,
112,2005-01-22,26,29,30,33,41,42,43,59292005000,1567271167,9,73465836,32,1715991,1370,66933,70247,5000,1227387,,,
113,2005-01-29,4,9,28,33,36,45,26,59258248000,1561528934,9,54471940,43,1583701,1479,64428,72711,5000,1241238,,,
114,2005-02-05,11,14,19,26,28,41,2,60079401000,2362345050,6,57618172,41,1584404,1491,60185,78504,5000,1283250,,,
115,2005-02-12,1,2,6,9,25,28,31,59130557000,1488589567,9,65673070,34,1122053,1990,48739,91627,5000,1447287,,,
116,2005-02-19,2,4,25,31,34,37,17,61606084000,1997747315,7,41619736,56,1343346,1735,50725,91897,5000,1499198,,,
117,2005-02-26,5,10,22,34,36,44,35,59429610000,1558378334,9,46751350,50,1423610,1642,59662,78361,5000,1267826,,,
118,2005-03-05,3,4,10,17,19,22,38,57171934000,1297989720,10,52763810,41,1294624,1671,51983,83233,5000,1390561,,,
119,2005-03-12,3,11,13,14,17,21,38,57800632000,1474899400,9,45149982,49,1142743,1936,51856,85327,5000,1355365,,,
120,2005-03-19,4,6,10,11,32,37,30,57418983000,4364530300,3,70395650,31,1359667,1605,54286,80400,5000,1377368,,,
121,2005-03-26,12,28,30,34,38,43,9,57134544000,6839648100,2,73544604,31,1698870,1342,67589,67464,5000,1153689,,,
122,2005-04-02,1,11,16,17,36,40,8,56171704000,1450073800,9,57239756,38,1550329,1403,59989,72518,5000,1266949,,,
123,2005-04-09,7,17,18,28,30,45,27,54097448000,2532982680,5,55547866,38,1429126,1477,58036,72742,5000,1188107,,,
124,2005-04-16,4,16,23,25,29,42,1,54180838000,1395936267,9,56592011,37,1359679,1540,55808,75040,5000,1230275,,,
125,2005-04-23,2,8,32,33,35,36,18,53149705000,1754870786,7,56870813,36,1417832,1444,55140,74261,5000,1220272,,,
126,2005-04-30,7,20,22,27,40,43,1,52748965000,1369301500,9,58684350,35,1427347,1439,57558,71370,5000,1166992,,,
127,2005-05-07,3,5,10,29,32,43,35,50752603000,1965939150,6,45719516,43,1537091,1279,58532,67175,5000,1143382,,,
128,2005-05-14,12,30,34,36,37,45,39,52310392000,2064043100,6,89741005,23,1731580,1192,65221,63294,5000,1102953,,,
129,2005-05-21,19,23,25,28,38,42,17,51555754000,1093629655,11,40099754,50,1361160,1473,56381,71124,5000,1145600,,,
130,2005-05-28,7,19,24,27,42,45,31,51359012000,3036496650,4,67477704,30,1590206,1273,63672,63587,5000,1087239,,,
131,2005-06-04,8,10,11,14,15,21,37,50231773000,1451214488,8,58634929,33,1176264,1645,52372,73893,5000,1153272,,,
132,2005-06-11,3,17,23,34,41,45,43,49921897000,2920473525,4,57264187,34,1408816,1382,59653,65277,5000,1098225,,,
133,2005-06-18,4,7,15,18,23,26,13,50889926000,1450242600,8,37914840,51,1319002,1466,50709,76266,5000,1221679,,,
134,2005-06-25,3,12,20,23,31,35,43,50445575000,2349155100,5,39152585,50,1366106,1433,56175,69698,5000,1129299,,,
135,2005-07-02,6,14,22,28,35,39,16,51062672000,1717293515,7,71553897,28,1406959,1424,60529,66201,5000,1099249,,,
136,2005-07-09,2,16,30,36,41,42,11,51144633000,1997694150,6,76834391,26,1561919,1279,59639,66993,5000,1119075,,,
137,2005-07-16,7,9,20,25,36,39,15,49978654000,1270403467,9,47640130,40,1207608,1578,52255,72935,5000,1186655,,,
138,2005-07-23,10,11,27,28,37,39,19,47688450000,2227152000,5,57998750,32,1483582,1251,60623,61230,5000,1056925,,,
139,2005-07-30,9,11,15,20,28,43,13,48371085000,1650210215,7,68758759,28,1706778,1128,67233,57271,5000,986618,,,
140,2005-08-06,3,13,17,18,19,28,8,45983464000,2109462840,5,51702521,34,1341898,1310,54617,64372,5000,1082575,,,
141,2005-08-13,8,12,29,31,42,43,2,48016958000,1900552400,6,65536290,29,1661323,1144,65308,58203,5000,1000591,,,
142,2005-08-20,12,16,30,34,40,44,19,48012844000,1018265564,11,66672150,28,1407859,1326,57795,64602,5000,1067644,,,
143,2005-08-27,26,27,28,42,43,45,8,49415357000,3954584700,3,56494068,35,1672837,1182,69221,57130,5000,986951,,,
144,2005-09-03,4,15,17,26,36,37,43,49202521000,1402440413,8,49208436,38,1248279,1498,50416,74181,5000,1180411,,,
145,2005-09-10,2,3,13,20,27,44,9,48913832000,3797838200,3,49971556,38,1560328,1217,60169,63120,5000,1093545,,,
146,2005-09-17,2,19,27,35,41,42,25,50677555000,6043415250,2,59249170,34,1456596,1383,64439,62524,5000,1038812,,,
147,2005-09-24,4,6,13,21,40,42,36,50345605000,1700040215,7,56668008,35,1632412,1215,63558,62412,5000,1067800,,,
148,2005-10-01,21,25,33,34,35,36,17,49523247000,2323596420,5,55323725,35,1634035,1185,61124,63358,5000,1079664,,,
149,2005-10-08,2,11,21,34,41,42,27,48406950000,1639052143,7,44470407,43,1632987,1171,63267,60450,5000,1016240,,,
150,2005-10-15,2,18,25,28,37,39,16,48763778000,2831645850,4,41038346,46,1475969,1279,57907,65200,5000,1100850,,,
151,2005-10-22,1,2,10,13,18,19,15,47357067000,2716634025,4,40246430,45,1214681,1491,53073,68250,5000,1113528,,,
152,2005-10-29,1,5,13,26,29,34,43,48180334000,2278131840,5,63281440,30,1603415,1184,62986,60282,5000,1021147,,,
153,2005-11-05,3,8,11,12,13,36,33,47777735000,2730526125,4,35006746,52,1258888,1446,50875,71562,5000,1137072,,,
154,2005-11-12,6,19,21,35,40,45,20,48022386000,2836628700,4,59096432,32,1590485,1189,62847,60181,5000,1020067,,,
155,2005-11-19,16,19,20,32,33,41,4,46140202000,1193005734,9,48365098,37,1390450,1287,56917,62882,5000,1035003,,,
156,2005-11-26,5,18,28,30,42,45,2,47344584000,1401099900,8,62271107,30,1518808,1230,62789,59506,5000,998192,,,
157,2005-12-03,19,26,30,33,35,39,37,46853365000,5484903750,2,65296474,28,1582945,1155,59313,61650,5000,1028734,,,
158,2005-12-10,4,9,13,18,21,34,7,46368888000,1069544340,10,39612754,45,1175841,1516,52499,67910,5000,1071741,,,
159,2005-12-17,1,18,30,41,42,43,32,44311926000,1755407300,6,73141971,24,1639036,1071,63911,54933,5000,920378,,,
160,2005-12-24,3,7,8,34,39,41,1,46833239000,5490805350,2,57195890,32,1696264,1079,62382,58680,5000,1022787,,,
161,2005-12-31,22,34,36,40,42,45,44,53096453000,1996876272,7,33275487,63,1517999,1381,63303,66233,5000,1116934,,,
162,2006-01-07,1,5,21,25,38,41,24,49050086000,2308265760,5,58289540,33,1641259,1172,62857,61205,5000,1057899,,,
163,2006-01-14,7,11,26,28,29,44,16,49018952000,1629726515,7,40454205,47,1367876,1390,57095,66604,5000,1099200,,,
164,2006-01-21,6,9,10,11,39,41,27,53052119000,4054937900,3,51986384,39,1246906,1626,54186,74835,5000,1250274,,,
165,2006-01-28,5,13,18,19,22,42,31,58088118000,6767426700,2,56395223,40,1469583,1535,57240,78820,5000,1297194,,,
166,2006-02-04,9,12,27,36,39,45,14,52157466000,1111299982,11,72763690,28,1351947,1507,57594,70751,5000,1140980,,,
167,2006-02-11,24,27,28,30,36,39,4,52744392000,2491222920,5,57667198,36,1581127,1313,64666,64208,5000,1122401,,,
168,2006-02-18,3,10,31,40,42,43,30,51496212000,2349946920,5,36264613,54,1268322,1544,52569,74504,5000,1233043,,,
169,2006-02-25,16,27,35,37,43,45,19,52076183000,2482888380,5,66744312,31,1766929,1171,65994,62705,5000,1069471,,,
170,2006-03-04,2,11,13,15,31,42,10,49718245000,1923108250,6,71226232,27,1469144,1309,57381,67030,5000,1125608,,,
171,2006-03-11,4,16,25,29,34,35,1,50357474000,1961339700,6,103228406,19,1420232,1381,54893,71461,5000,1113068,,,
172,2006-03-18,4,19,21,24,26,41,35,50758266000,1081154073,11,104321885,19,1553383,1276,60564,65456,5000,1111595,,,
173,2006-03-25,3,9,24,30,33,34,18,52286521000,1487736788,8,31486493,63,1369924,1448,50637,78349,5000,1261354,,,
174,2006-04-01,13,14,18,22,35,39,16,52340568000,1771103058,7,79472574,26,1559462,1325,63580,64999,5000,1101483,,,
175,2006-04-08,19,26,28,31,33,36,17,50895147000,2371132620,5,41165497,48,1466922,1347,58473,67585,5000,1137627,,,
176,2006-04-15,4,17,30,32,33,34,15,50488528000,2314663080,5,48222148,40,1256604,1535,50305,76689,5000,1191081,,,
177,2006-04-22,1,10,13,16,37,43,6,50480325000,1693285500,7,65849992,30,1567857,1260,61316,64437,5000,1097033,,,
178,2006-04-29,1,5,11,12,18,23,9,49582758000,2254621080,5,42701157,44,1199778,1566,50364,74612,5000,1200574,,,
179,2006-05-06,5,9,17,25,39,43,32,47291694000,1081093920,10,33996665,53,1170016,1540,51514,69956,5000,1125523,,,
180,2006-05-13,2,15,20,21,29,34,22,48895477000,5763371550,2,54889253,35,1496203,1284,61109,62876,5000,1047300,,,
181,2006-05-20,14,21,23,32,40,45,44,49124446000,1941763300,6,80906805,24,1574829,1233,64046,60637,5000,1028918,,,
182,2006-05-27,13,15,27,29,34,40,35,47222594000,3721439400,3,42289085,44,1515245,1228,63071,59004,5000,1000820,,,
183,2006-06-03,2,18,24,34,40,42,5,45938460000,1777221500,6,71088860,25,1373433,1294,52944,67137,5000,1039403,,,
184,2006-06-10,1,2,6,16,20,33,41,45503351000,1747753050,6,56379131,31,1313113,1331,55183,63344,5000,1054829,,,
185,2006-06-17,1,2,4,8,19,38,14,45783088000,3522485800,3,51801262,34,1434237,1228,53422,65938,5000,1055823,,,
186,2006-06-24,4,10,14,19,21,45,9,45484428000,1187882600,9,38735303,46,1524230,1169,60849,58566,5000,984795,,,
187,2006-07-01,1,2,8,18,29,38,42,45855961000,1544733900,7,94852082,19,1438300,1253,60295,59780,5000,981217,,,
188,2006-07-08,19,24,27,30,31,34,36,45176242000,3501405200,3,53051594,33,1326290,1320,57188,61227,5000,1016219,,,
189,2006-07-15,8,14,32,35,37,45,28,43650551000,3461775100,3,52451138,33,1595289,1085,66327,52193,5000,903280,,,
190,2006-07-22,8,14,18,30,31,44,15,44864459000,1784159450,6,54065438,33,1756063,1016,66337,53791,5000,918127,,,
191,2006-07-29,5,6,24,25,32,37,8,44534869000,2577114675,4,74698977,23,1500504,1145,57606,59650,5000,1017334,,,
192,2006-08-05,4,8,11,18,37,45,33,42035065000,2445348375,4,42900849,38,1484729,1098,58467,55766,5000,943042,,,
193,2006-08-12,6,14,18,26,36,39,13,43788477000,3404449700,3,85111243,20,1499758,1135,58059,58638,5000,974398,,,
194,2006-08-19,15,20,23,26,39,44,28,44511515000,2650567875,4,84145012,21,1648364,1072,65985,53559,5000,917061,,,
195,2006-08-26,7,10,19,22,35,40,31,44374725000,918992591,11,25527572,66,996346,1691,47916,70324,5000,1067833,,,
196,2006-09-02,35,36,37,41,44,45,30,45773496000,727876520,15,67395975,27,1198743,1518,62663,58079,5000,937967,,,
197,2006-09-09,7,12,16,34,42,45,4,45993306000,1803018300,6,42929008,42,1467062,1229,61588,58551,5000,993294,,,
198,2006-09-16,12,19,20,25,41,45,2,45614021000,1797855050,6,71914202,25,1712243,1050,64564,55693,5000,965692,,,
199,2006-09-23,14,21,22,25,30,36,43,45021068000,5344252200,2,77452931,23,1698206,1049,64281,55426,5000,939272,,,
200,2006-09-30,5,6,13,14,17,20,7,46640423000,1344616613,8,30910727,58,1292590,1387,54137,66233,5000,1078398,,,
201,2006-10-07,3,11,24,38,39,44,26,42254768000,9719465400,1,43781376,37,1202607,1347,53073,61045,5000,985655,,,
202,2006-10-14,12,14,27,33,39,44,17,48304034000,1893391700,6,47334793,40,1536844,1232,60558,62532,5000,1043620,,,
203,2006-10-21,1,3,11,24,30,32,7,47033359000,2164564740,5,41948930,43,1358287,1328,53913,66916,5000,1095728,,,
204,2006-10-28,3,12,14,35,40,45,5,46077750000,1358347125,8,78744761,23,1534856,1180,62837,57646,5000,985516,,,
205,2006-11-04,1,3,21,29,35,37,30,46330516000,1835221800,6,87391515,21,1671423,1098,65466,56067,5000,962608,,,
206,2006-11-11,1,2,3,15,20,25,43,44326979000,2032859340,5,47056930,36,1093641,1549,50992,66445,5000,1044599,,,
207,2006-11-18,3,11,14,31,32,37,38,45282336000,2104673760,5,47402563,37,1457935,1203,57627,60871,5000,1020444,,,
208,2006-11-25,14,25,31,34,40,44,24,45516378000,1760767400,6,51787277,34,1438536,1224,54787,64277,5000,1030103,,,
209,2006-12-02,2,7,18,20,24,33,37,43753377000,1660896350,6,48849893,34,1223046,1358,50351,65973,5000,1053545,,,
210,2006-12-09,10,19,22,23,25,37,39,44757963000,5139085950,2,37239754,46,1319745,1298,53262,64325,5000,1049739,,,
211,2006-12-16,12,13,17,20,33,41,8,45332675000,1035800250,10,59528750,29,1319828,1308,53295,64785,5000,1080600,,,
212,2006-12-23,11,12,18,21,31,38,8,46139120000,2660747250,4,49273098,36,1444489,1228,55382,64059,5000,1066249,,,
213,2006-12-30,2,3,4,5,20,24,42,48745094000,1376678025,8,55623355,33,928463,1977,38462,95451,5000,1203368,,,
214,2007-01-06,5,7,20,25,28,37,32,49195740000,1406980875,8,52110403,36,1309124,1433,53433,70219,5000,1167625,,,
215,2007-01-13,2,3,7,15,43,44,4,47675761000,1587689615,7,57884518,32,1484219,1248,56218,65898,5000,1062967,,,
216,2007-01-20,7,16,17,33,36,40,1,48342018000,848506108,13,29181427,63,703840,2612,46441,79174,5000,1157342,,,
217,2007-01-27,16,20,27,33,35,39,38,48260644000,1611246172,7,64820249,29,1558696,1206,58601,64156,5000,1066490,,,
218,2007-02-03,1,8,14,18,29,44,20,47018314000,2779075800,4,71258354,26,1540081,1203,61255,60492,5000,996397,,,
219,2007-02-10,4,11,20,26,35,37,16,46903745000,1208409167,9,44210092,41,1402952,1292,56743,63889,5000,1065147,,,
220,2007-02-17,5,11,19,21,34,43,31,50383399000,1958094950,6,69931963,28,1486785,1317,58216,67271,5000,1122150,,,
221,2007-02-24,2,20,33,35,37,40,10,47674135000,1800104250,6,40911461,44,1119468,1608,47711,75459,5000,1167205,,,
222,2007-03-03,5,7,28,29,39,43,44,47735197000,2275193820,5,57454390,33,1715833,1105,66418,57093,5000,981530,,,
223,2007-03-10,1,3,18,20,26,27,38,46036874000,1498170600,7,44817070,39,1234369,1416,51782,67509,5000,1107956,,,
224,2007-03-17,4,19,26,27,30,42,7,46435109000,1808969950,6,69575768,26,1562151,1158,59753,60549,5000,1025571,,,
225,2007-03-24,5,11,13,19,31,36,7,46352016000,1777201800,6,43346386,41,1380888,1287,54448,65281,5000,1080798,,,
226,2007-03-31,2,6,8,14,21,22,34,45145643000,1744100150,6,45897373,38,1336476,1305,54439,64076,5000,1026364,,,
227,2007-04-07,4,5,15,16,22,42,2,44444776000,5253542400,2,72965867,24,1587653,1103,61811,56663,5000,942116,,,
228,2007-04-14,17,25,35,36,39,44,23,44764100000,1146700334,9,44103859,39,1285539,1338,52122,66002,5000,1036309,,,
229,2007-04-21,4,5,9,11,23,38,35,44762989000,1451441100,7,62716591,27,1290662,1312,50156,67524,5000,1089603,,,
230,2007-04-28,5,11,14,29,32,33,12,44191351000,1292929163,8,68956222,25,1662397,1037,61190,56346,5000,971324,,,
231,2007-05-05,5,10,19,31,44,45,27,42355627000,1088365900,9,85923624,19,1288516,1267,55051,59311,5000,970465,,,
232,2007-05-12,8,9,10,12,24,44,35,43564632000,1110918400,9,92576534,18,1314178,1268,51274,65000,5000,1023708,,,
233,2007-05-19,4,6,13,17,28,40,39,43516805000,999153750,10,64048318,26,1307109,1274,53259,62535,5000,1021168,,,
234,2007-05-26,13,21,22,24,26,37,4,42814085000,2519743875,4,73036055,23,1601363,1049,61167,54926,5000,921750,,,
235,2007-06-02,21,22,26,27,31,37,8,43347391000,3433330100,3,59195347,29,1457271,1178,57657,59548,5000,901409,,,
236,2007-06-09,1,4,8,13,37,39,7,42941871000,5030040150,2,40894636,41,1602945,1046,61553,54480,5000,940827,,,
237,2007-06-16,1,11,17,21,24,44,33,43358287000,1440630729,7,43095792,39,1530725,1098,58626,57338,5000,974357,,,
238,2007-06-23,2,4,15,28,31,34,35,42952477000,1121660567,9,58016926,29,1578322,1066,61640,54591,5000,930266,,,
239,2007-06-30,11,15,24,39,41,44,7,43296565000,1134140167,9,58662423,29,1570832,1083,60921,55850,5000,927236,,,
240,2007-07-07,6,10,16,40,41,43,21,43603443000,5098251450,2,60693470,28,1567728,1084,59238,57376,5000,961510,,,
241,2007-07-14,2,16,24,27,28,35,21,43246894000,2552016300,4,50039536,34,1759405,967,63267,53783,5000,922001,,,
242,2007-07-21,4,19,20,21,32,34,43,42679760000,1234542375,8,45723792,36,1322134,1245,54286,60644,5000,975863,,,
243,2007-07-28,2,12,17,19,28,42,34,41304830000,2408850000,4,55375863,29,1474656,1089,59418,54055,5000,918683,,,
244,2007-08-04,13,16,25,36,37,38,19,39411047000,9121583100,1,60810554,25,1387103,1096,55353,54930,5000,900577,,,
245,2007-08-11,9,11,27,31,32,38,22,41854623000,1382583129,7,46086105,35,1477119,1092,56159,57445,5000,959435,,,
246,2007-08-18,13,18,21,23,26,39,15,41453154000,1911774240,5,61274816,26,1231179,1294,53462,59600,5000,959025,,,
247,2007-08-25,12,15,28,36,39,40,13,42231698000,1669313900,6,57562549,29,1638189,1019,63856,52284,5000,884542,,,
248,2007-09-01,3,8,17,23,38,45,13,42348403000,1227479363,8,71158224,23,1417004,1155,55624,58847,5000,961562,,,
249,2007-09-08,3,8,27,31,41,44,11,42539134000,1663568700,6,57364438,29,1423070,1169,59378,56034,5000,926776,,,
250,2007-09-15,19,23,30,37,43,45,38,42122808000,1994726280,5,97780700,17,1581610,1051,64771,51328,5000,887737,,,
251,2007-09-22,6,7,19,25,28,38,45,44493014000,1282616400,8,42753880,40,1376937,1242,55153,62015,5000,1028991,,,
252,2007-09-29,14,23,26,31,39,45,28,41207920000,1391089715,7,67622417,24,1493044,1087,62547,51895,5000,874916,,,
253,2007-10-06,8,19,25,31,34,36,33,42309347000,2466189525,4,82206318,20,1406439,1169,57604,57084,5000,942682,,,
254,2007-10-13,1,5,19,20,24,30,27,42259113000,9741015900,1,49197050,33,1325309,1225,54852,59196,5000,978906,,,
255,2007-10-20,1,5,6,24,27,42,32,41425341000,1598618550,6,122970658,13,1516716,1054,57689,55422,5000,945297,,,
256,2007-10-27,4,11,14,21,23,43,32,41996580000,4891017000,2,47951148,34,1367735,1192,57230,56975,5000,938980,,,
257,2007-11-03,6,13,27,31,32,37,4,41433637000,2391377025,4,88569520,18,1292986,1233,54996,57977,5000,954861,,,
258,2007-11-10,14,27,30,31,38,40,17,41364428000,2426434350,4,57772247,28,938297,1724,59213,54638,5000,901197,,,
259,2007-11-17,4,5,14,35,42,45,34,40905570000,4838533500,2,64513780,25,1565869,1030,64000,50402,5000,864868,,,
260,2007-11-24,7,12,15,24,37,40,43,40140211000,2310085575,4,59232964,26,1199422,1284,52871,58258,5000,933907,,,
261,2007-12-01,6,11,16,18,31,43,2,41215041000,3192299100,3,49879674,32,1445788,1104,56717,56285,5000,929205,,,
262,2007-12-08,9,12,24,25,29,31,36,39232234000,4518741600,2,71726058,21,1361888,1106,54966,54807,5000,910729,2.0,0.0,0.0
263,2007-12-15,1,27,28,32,37,40,18,39677128000,1551704900,6,57470552,27,1656036,937,61466,50490,5000,864303,6.0,0.0,0.0
264,2007-12-22,9,16,27,36,41,44,5,39783178000,1344889200,7,58112497,27,1498604,1047,62642,50096,5000,840243,3.0,0.0,4.0
265,2007-12-29,5,9,34,37,38,39,12,40913922000,1200838575,8,84269374,19,1585266,1010,60459,52966,5000,889156,8.0,0.0,0.0
266,2008-01-05,3,4,9,11,22,42,37,41937067000,3207211700,3,44544607,36,1343054,1194,54526,58820,5000,986495,2.0,0.0,1.0
267,2008-01-12,7,8,24,34,36,41,1,41835853000,3257663300,3,58172559,28,1427548,1141,59122,55101,5000,925922,3.0,0.0,0.0
268,2008-01-19,3,10,19,24,32,45,12,41213802000,1350954515,7,45031818,35,1157206,1362,50960,61857,5000,969153,1.0,0.0,6.0
269,2008-01-26,5,18,20,36,42,43,32,41357619000,1961399940,5,74295453,22,1611933,1014,64715,50514,5000,866762,5.0,0.0,0.0
270,2008-02-02,5,9,12,20,21,26,27,41845351000,1927830060,5,50203908,32,1293499,1242,53724,59807,5000,971485,4.0,0.0,1.0
271,2008-02-09,3,8,9,27,29,40,36,40879633000,1565918150,6,55925649,28,1246751,1256,52709,59418,5000,956127,3.0,0.0,3.0
272,2008-02-16,7,9,12,27,39,43,28,43310674000,1104622800,9,42485493,39,1209442,1370,52419,63219,5000,1017199,5.0,0.0,4.0
273,2008-02-23,1,8,24,31,34,44,6,42816211000,3339543100,3,79512931,21,1523515,1096,59431,56192,5000,942078,2.0,0.0,1.0
274,2008-03-01,13,14,15,26,35,39,25,42631711000,2505085575,4,45136678,37,1331784,1254,58277,57315,5000,923057,3.0,0.0,1.0
275,2008-03-08,14,19,20,35,38,40,26,42329813000,10044066900,1,88105850,19,1689215,991,64813,51657,5000,884959,1.0,0.0,0.0
276,2008-03-15,4,15,21,33,39,41,25,42567610000,3312569000,3,53428533,31,1426602,1161,55308,59894,5000,944192,2.0,0.0,1.0
277,2008-03-22,10,12,13,15,25,29,20,41868708000,3272627800,3,52784320,31,1482169,1104,59211,55271,5000,914243,3.0,0.0,0.0
278,2008-03-29,3,11,37,39,41,43,13,41088180000,3186530000,3,59009815,27,1463054,1089,57268,55643,5000,922288,3.0,0.0,0.0
279,2008-04-05,7,16,31,36,37,38,11,41130542000,1914205320,5,59080412,27,1466150,1088,57566,55421,5000,922712,4.0,0.0,1.0
280,2008-04-12,10,11,23,24,36,37,35,40673999000,1355258529,7,58560554,27,1380904,1145,58653,53915,5000,905130,4.0,0.0,3.0
281,2008-04-19,1,3,4,6,14,41,12,40800514000,1554683200,6,42018465,37,1042712,1491,41713,74543,5000,970685,3.0,0.0,3.0
282,2008-04-26,2,5,10,18,31,32,30,41051175000,1322052643,7,48199836,32,1012735,1523,46530,66297,5000,1020328,4.0,0.0,3.0
283,2008-05-03,6,8,18,31,38,45,42,40133316000,3137224600,3,65358846,24,1478429,1061,59206,52989,5000,876107,3.0,0.0,0.0
284,2008-05-10,2,7,15,24,30,45,28,39773403000,3117640300,3,111344297,14,1632273,955,61691,50537,5000,859700,2.0,0.0,1.0
285,2008-05-17,13,33,37,40,41,45,2,40364871000,3164370100,3,60853272,26,1555738,1017,61705,51283,5000,872117,3.0,0.0,0.0
286,2008-05-24,1,15,19,40,42,44,17,40944483000,3236566300,3,59936413,27,1566586,1033,66246,48857,5000,857882,3.0,0.0,0.0
287,2008-05-31,6,12,24,27,35,37,41,40623489000,1328657100,7,41894594,37,1165489,1330,51161,60597,5000,962149,6.0,0.0,1.0
288,2008-06-07,1,12,17,28,35,41,10,39970134000,2357261550,4,65479488,24,1488171,1056,62553,50246,5000,853998,2.0,0.0,2.0
289,2008-06-14,3,14,33,37,38,42,10,39406643000,0,0,63761694,24,1501748,1019,58541,52281,5000,880103,,,
290,2008-06-21,8,13,18,32,39,45,7,80362302000,2149214424,13,51251650,61,1361059,2297,58573,106752,5000,1783529,10.0,0.0,3.0
291,2008-06-28,3,7,8,18,20,42,45,44143418000,1450585200,7,43393575,39,1379258,1227,54144,62513,5000,1029643,6.0,0.0,1.0
292,2008-07-05,17,18,31,32,33,34,10,43394631000,720373950,14,45428988,37,995778,1688,50256,66893,5000,977718,5.0,0.0,9.0
293,2008-07-12,1,9,17,21,29,33,24,42399708000,1656764400,6,78893543,21,1435672,1154,54268,61059,5000,926442,6.0,0.0,0.0
294,2008-07-19,6,10,17,30,37,38,40,41563813000,2406504975,4,61705256,26,1411027,1137,56496,56795,5000,947708,4.0,0.0,0.0
295,2008-07-26,1,4,12,16,18,38,8,42248135000,0,0,62969875,26,1616207,1013,59131,55376,5000,950380,,,
296,2008-08-02,3,8,15,27,30,45,44,63377899000,3066088275,8,46243415,53,1186303,2066,54498,89945,5000,1435988,3.0,0.0,5.0
297,2008-08-09,6,11,19,20,28,32,34,43641475000,5056668750,2,60198438,28,1322005,1275,55032,61258,5000,993035,2.0,0.0,0.0
298,2008-08-16,5,9,27,29,37,40,19,43151675000,9909778500,1,41290744,40,1220717,1353,51970,63561,5000,1011908,0.0,0.0,1.0
299,2008-08-23,1,3,20,25,36,45,24,44463909000,1483772529,7,59691999,29,1548362,1118,59575,58114,5000,984255,6.0,0.0,1.0
300,2008-08-30,7,9,10,12,26,38,39,44465047000,836092425,12,49181908,34,1180922,1416,47646,70193,5000,1102135,8.0,0.0,4.0
301,2008-09-06,7,11,13,33,37,43,26,44377177000,1447385015,7,35927997,47,1328573,1271,51361,65756,5000,1060486,5.0,0.0,2.0
302,2008-09-13,13,19,20,32,38,42,4,46382605000,5472167250,2,41455813,44,1608515,1134,61360,59455,5000,990149,1.0,0.0,1.0
303,2008-09-20,2,14,17,30,38,45,43,42841760000,1672749000,6,57681000,29,1444516,1158,59459,56266,5000,938678,5.0,0.0,1.0
304,2008-09-27,4,10,16,26,33,41,38,43158653000,1661646150,6,44909356,37,1165250,1426,53519,62096,5000,992573,3.0,0.0,3.0
305,2008-10-04,7,8,18,21,23,39,9,43960659000,2008210140,5,49220837,34,1215330,1377,50589,66162,5000,1049049,5.0,0.0,0.0
306,2008-10-11,4,18,23,30,34,41,19,44421462000,2102669520,5,76183679,23,1437428,1219,61822,56687,5000,937697,5.0,0.0,0.0
307,2008-10-18,5,15,21,23,25,45,12,43880990000,2587643250,4,61610554,28,1465672,1177,58085,59400,5000,937908,4.0,0.0,0.0
308,2008-10-25,14,15,17,19,37,45,40,43339416000,10232872800,1,63165882,27,1743844,978,63461,53749,5000,922984,1.0,0.0,0.0
309,2008-11-01,1,2,5,11,18,36,22,44157528000,901622946,11,66119016,25,1189191,1390,47826,69125,5000,1109802,9.0,0.0,2.0
310,2008-11-08,1,5,19,28,34,41,16,43718082000,1296713325,8,59619004,29,1592036,1086,64088,53956,5000,913906,8.0,0.0,0.0
311,2008-11-15,4,12,24,27,28,32,10,43209215000,1237691063,8,38378018,43,1210752,1363,50950,64780,5000,1020412,4.0,0.0,4.0
312,2008-11-22,2,3,5,6,12,20,25,42255391000,629017820,15,27112838,58,761892,2064,34211,91934,5000,1080450,3.0,0.0,12.0
313,2008-11-29,9,17,34,35,43,45,2,43672096000,1715422800,6,65977800,26,1531628,1120,61548,55743,5000,936364,5.0,0.0,1.0
314,2008-12-06,15,17,19,34,38,41,2,42328094000,1660512200,6,69188009,24,1556244,1067,60502,54892,5000,911785,4.0,0.0,2.0
315,2008-12-13,1,13,33,35,43,45,23,44339180000,1308728625,8,54530360,32,1641554,1063,62091,56207,5000,943975,8.0,0.0,0.0
316,2008-12-20,10,11,21,27,31,39,43,44073768000,1673586400,6,57709876,29,1197130,1398,48967,68356,5000,1060204,2.0,0.0,4.0
317,2008-12-27,3,10,11,22,36,39,8,44135114000,2576258550,4,68700228,25,1517232,1132,59672,57565,5000,978500,3.0,0.0,1.0
318,2009-01-03,2,17,19,20,34,45,21,46663728000,1207436600,9,64684104,28,1311481,1381,56531,64077,5000,1044063,7.0,0.0,2.0
319,2009-01-10,5,8,22,28,33,42,37,45435183000,2135659380,5,68450622,26,1546235,1151,59833,59490,5000,984086,2.0,0.0,3.0
320,2009-01-17,16,19,23,25,41,45,3,46659886000,5513067900,2,73507572,25,1699991,1081,64412,57061,5000,990610,1.0,0.0,1.0
321,2009-01-24,12,18,20,21,25,34,42,50617982000,1959136100,6,55975318,35,1535374,1276,56960,68791,5000,1143526,6.0,0.0,0.0
322,2009-01-31,9,18,29,32,38,43,20,48948294000,1904544700,6,65673956,29,1300031,1465,56158,67829,5000,1085740,5.0,0.0,1.0
323,2009-02-07,10,14,15,32,36,42,3,49209477000,1461025388,8,72149402,27,1657902,1175,64085,60796,5000,1024880,7.0,0.0,1.0
324,2009-02-14,2,4,21,25,33,36,17,47988317000,1865130350,6,46628259,40,1518836,1228,59710,62473,5000,1068571,5.0,0.0,1.0
325,2009-02-21,7,17,20,32,44,45,33,46636979000,1806122450,6,54730984,33,1435710,1258,57677,62629,5000,1051453,6.0,0.0,0.0
326,2009-02-28,16,23,25,33,36,39,40,47224551000,1832134550,6,59101115,31,1372386,1335,57177,64087,5000,1058186,4.0,0.0,2.0
327,2009-03-07,6,12,13,17,32,44,24,45791560000,882674750,12,45265372,39,1421377,1242,55515,63599,5000,1048457,4.0,0.0,8.0
328,2009-03-14,1,6,9,16,17,28,24,47316988000,1819795900,6,60659864,30,1318693,1380,54657,66590,5000,1092107,4.0,0.0,2.0
329,2009-03-21,9,17,19,30,35,42,4,47198504000,1830391200,6,55466400,33,1506495,1215,58376,62711,5000,1059068,5.0,0.0,1.0
330,2009-03-28,3,4,16,17,19,20,23,45859496000,1162280200,9,54481885,32,1218324,1431,50370,69225,5000,1099109,3.0,0.0,6.0
331,2009-04-04,4,9,14,26,31,44,39,46641467000,2165902620,5,40109308,45,1322285,1365,55866,64617,5000,1054309,3.0,0.0,2.0
332,2009-04-11,16,17,34,36,42,45,3,46042557000,1359448388,8,48989132,37,1650818,1098,60589,59833,5000,979060,4.0,0.0,4.0
333,2009-04-18,5,14,27,30,39,43,35,46019070000,1550987143,7,50263473,36,1325631,1365,60326,59991,5000,982937,5.0,0.0,2.0
334,2009-04-25,13,15,21,29,39,43,33,44439656000,1523002972,7,57317317,31,1684206,1055,67934,52311,5000,890292,5.0,0.0,2.0
335,2009-05-02,5,9,16,23,26,45,21,43977478000,2037492480,5,60639658,28,1389453,1222,56057,60578,5000,1001927,5.0,0.0,0.0
336,2009-05-09,3,5,20,34,35,44,16,43069333000,1685632650,6,56187755,30,1704381,989,61422,54887,5000,935668,6.0,0.0,0.0
337,2009-05-16,1,5,14,18,32,37,4,43432467000,1257500513,8,50808102,33,1404245,1194,56462,59392,5000,989912,4.0,0.0,4.0
338,2009-05-23,2,13,34,38,42,45,16,43136020000,3383431000,3,43377321,39,1506426,1123,62091,54492,5000,930171,2.0,0.0,1.0
339,2009-05-30,6,8,14,21,30,37,45,42035640000,1096778334,9,51411485,32,1486150,1107,60324,54545,5000,913229,8.0,0.0,1.0
340,2009-06-06,18,24,26,29,34,38,32,42892121000,1439393186,7,47979773,35,1492705,1125,59752,56209,5000,930628,4.0,0.0,3.0
341,2009-06-13,1,8,19,34,39,43,41,44722448000,1497207772,7,52931588,33,1414367,1235,59458,58756,5000,978760,3.0,0.0,4.0
342,2009-06-20,1,13,14,33,34,43,25,43782188000,3454095800,3,59553376,29,1467331,1177,61517,56149,5000,924123,3.0,0.0,0.0
343,2009-06-27,1,10,17,29,31,43,15,43656460000,1717153000,6,59212173,29,1566746,1096,63842,53794,5000,931340,5.0,0.0,1.0
344,2009-07-04,1,2,15,28,34,45,38,43838886000,1467106543,7,74418448,23,1547581,1106,60593,56496,5000,960640,6.0,0.0,1.0
345,2009-07-11,15,20,23,29,39,42,2,43530937000,5203577550,2,45645418,38,1687282,1028,68394,50722,5000,884042,1.0,0.0,1.0
346,2009-07-18,5,13,14,22,44,45,33,42862389000,2017727340,5,64670749,26,1467225,1146,61695,54509,5000,923360,3.0,0.0,2.0
347,2009-07-25,3,8,13,27,32,42,10,44219740000,1456624286,7,44720922,38,1214722,1399,53306,63761,5000,1023184,3.0,0.0,4.0
348,2009-08-01,3,14,17,20,24,31,34,42786310000,3299994000,3,44594514,37,1350244,1222,50233,65694,5000,978637,3.0,0.0,0.0
349,2009-08-08,5,13,14,20,24,25,36,43433870000,3353209000,3,45313636,37,1435450,1168,56511,59338,5000,990178,3.0,0.0,0.0
350,2009-08-15,1,8,18,24,29,33,35,42681094000,1101052467,9,71807770,23,1379765,1197,57527,57420,5000,964952,9.0,0.0,0.0
351,2009-08-22,5,25,27,29,34,36,33,43947492000,2583357150,4,59387521,29,1514722,1137,62094,55472,5000,950273,2.0,0.0,2.0
352,2009-08-29,5,16,17,20,26,41,24,44719545000,1732858250,6,59753733,29,1486157,1166,58810,58931,5000,1006238,4.0,0.0,2.0
353,2009-09-05,11,16,19,22,29,36,26,44552925000,5290838250,2,60814233,29,1692527,1042,65058,54217,5000,928067,1.0,0.0,1.0
354,2009-09-12,14,19,36,43,44,45,1,44709689000,2124464340,5,52070205,34,1745944,1014,65187,54318,5000,930195,5.0,0.0,0.0
355,2009-09-19,5,8,29,30,35,44,38,45017050000,2145424800,5,74493917,24,1634236,1094,66058,54130,5000,925997,4.0,0.0,1.0
356,2009-09-26,2,8,14,25,29,45,24,44684958000,1157185267,9,46912917,37,1374330,1263,56761,61162,5000,996940,6.0,0.0,3.0
357,2009-10-03,10,14,18,21,36,37,5,45232409000,5313394350,2,65597462,27,1587036,1116,62643,56547,5000,980978,2.0,0.0,0.0
358,2009-10-10,1,9,10,12,21,40,37,45651829000,3472654900,3,39461988,44,1256388,1382,50884,68247,5000,1092528,3.0,0.0,0.0
359,2009-10-17,1,10,19,20,24,40,23,45288256000,1286712600,8,46368022,37,1036001,1656,46822,73283,5000,1097592,5.0,0.0,3.0
360,2009-10-24,4,16,23,25,35,40,27,45719032000,3566716200,3,54041155,33,1476290,1208,59139,60311,5000,1005187,3.0,0.0,0.0
361,2009-10-31,5,10,16,24,27,35,33,45062676000,1473115115,7,50548068,34,1174733,1463,51039,67347,5000,1068999,5.0,0.0,2.0
362,2009-11-07,2,3,22,27,30,40,29,44336363000,1729424650,6,66516333,26,1474361,1173,60898,56798,5000,974787,6.0,0.0,0.0
363,2009-11-14,11,12,14,21,32,38,6,44863948000,2615910600,4,52846679,33,1434162,1216,58451,59672,5000,998514,3.0,0.0,1.0
364,2009-11-21,2,5,7,14,16,40,4,44192004000,2531914800,4,45620087,37,1340702,1259,53421,63195,5000,1043314,3.0,0.0,1.0
365,2009-11-28,5,15,21,25,26,30,31,45806066000,10697716800,1,50941509,35,1509698,1181,57081,62472,5000,1014701,1.0,0.0,0.0
366,2009-12-05,5,12,19,26,27,44,38,45962166000,5351553900,2,45739777,39,1103186,1617,49921,71467,5000,1028514,2.0,0.0,0.0
367,2009-12-12,3,22,25,29,32,44,19,46459307000,1581736586,7,49874578,37,1759161,1049,66912,55158,5000,955212,7.0,0.0,0.0
368,2009-12-19,11,21,24,30,39,45,26,43746046000,1465825115,7,45003403,38,1431071,1195,59400,57581,5000,954346,4.0,0.0,3.0
369,2009-12-26,17,20,35,36,41,43,21,46716275000,1842177750,6,59425089,31,1592203,1157,62044,59383,5000,987272,5.0,0.0,1.0
370,2010-01-02,16,18,24,42,44,45,17,49762652000,1678941943,7,61211425,32,1677026,1168,64701,60549,5000,1058734,6.0,0.0,1.0
371,2010-01-09,7,9,15,26,27,42,18,45843166000,1524130543,7,61315597,29,1480560,1201,57266,62102,5000,1028012,5.0,0.0,2.0
372,2010-01-16,8,11,14,16,18,21,13,46167066000,1192593200,9,48348373,37,1307668,1368,57186,62564,5000,1038927,3.0,0.0,6.0
373,2010-01-23,15,26,37,42,43,45,9,47095065000,2791801125,4,64179337,29,1666250,1117,64559,57659,5000,987105,3.0,0.0,1.0
374,2010-01-30,11,13,15,17,25,34,26,48081319000,5528717850,2,68255776,27,1318245,1398,52816,69786,5000,1122320,1.0,0.0,1.0
375,2010-02-06,4,8,19,25,27,45,7,47864938000,1581284058,7,43924558,42,1442402,1279,56807,64951,5000,1096831,6.0,0.0,1.0
376,2010-02-13,1,11,13,24,28,40,7,50657096000,1956915800,6,38370899,51,1386900,1411,56355,69450,5000,1151878,5.0,0.0,1.0
377,2010-02-20,6,22,29,37,43,45,23,49218434000,3912085400,3,88911032,22,1632757,1198,66608,58733,5000,1009758,3.0,0.0,0.0
378,2010-02-27,5,22,29,31,34,39,43,48866964000,2317698240,5,64380507,30,1718341,1124,64659,59742,5000,1023866,5.0,0.0,0.0
379,2010-03-06,6,10,22,31,35,40,19,47537685000,1598999786,7,26274645,71,1390090,1342,60096,62084,5000,1022769,6.0,0.0,1.0
380,2010-03-13,1,2,8,17,26,37,27,47164371000,2684274825,4,42607537,42,1222348,1464,46132,77583,5000,1137404,3.0,0.0,1.0
381,2010-03-20,1,5,10,12,16,20,11,47943113000,565738895,19,28895267,62,904345,1981,43632,82120,5000,1211298,6.0,0.0,13.0
382,2010-03-27,10,15,22,24,27,42,19,47401288000,1846674900,6,57708591,32,1523660,1212,59315,62267,5000,1046779,5.0,0.0,1.0
383,2010-04-03,4,15,28,33,37,40,25,46067051000,3596522100,3,64223609,28,1437459,1251,59423,60525,5000,1010183,3.0,0.0,0.0
384,2010-04-10,11,22,24,32,36,38,7,46888942000,3658734200,3,44618710,41,1505652,1215,58927,62090,5000,1030160,3.0,0.0,0.0
385,2010-04-17,7,12,19,21,29,32,9,46243483000,1542032700,7,49973282,36,1456712,1235,57944,62096,5000,1026272,2.0,0.0,5.0
386,2010-04-24,4,7,10,19,31,40,26,45907331000,1042953330,10,29461959,59,1032832,1683,48150,72203,5000,1114222,5.0,0.0,5.0
387,2010-05-01,1,26,31,34,40,43,20,45459960000,2675533500,4,68603424,26,1515454,1177,61385,58115,5000,978618,2.0,0.0,2.0
388,2010-05-08,1,8,9,17,29,32,45,44308705000,2545543875,4,56567642,30,1337297,1269,55211,61475,5000,1036812,3.0,0.0,1.0
389,2010-05-15,7,16,18,20,23,26,3,45534027000,2119027020,5,49051552,36,1409303,1253,58088,60800,5000,1021691,5.0,0.0,0.0
390,2010-05-22,16,17,28,37,39,40,15,44189673000,10373997900,1,46729721,37,1590617,1087,61934,55834,5000,960968,1.0,0.0,0.0
391,2010-05-29,10,11,18,22,28,39,30,45161516000,10508749800,1,54733072,32,1309992,1337,57611,60803,5000,1013235,0.0,0.0,1.0
392,2010-06-05,1,3,7,8,24,42,43,45528684000,1713528700,6,57117624,30,1139315,1504,46358,73927,5000,1125811,4.0,0.0,2.0
393,2010-06-12,9,16,28,40,41,43,21,45989116000,1362003975,8,51885866,35,1694035,1072,64915,55951,5000,966901,6.0,0.0,2.0
394,2010-06-19,1,13,20,22,25,28,15,45192337000,10654349100,1,53809844,33,1474855,1204,63081,56300,5000,967784,1.0,0.0,0.0
395,2010-06-26,11,15,20,26,31,35,7,46192580000,1534635000,7,42628750,42,1260851,1420,55718,64267,5000,1038443,4.0,0.0,3.0
396,2010-07-03,18,20,31,34,40,45,30,45463736000,5296622400,2,51927671,34,1468836,1202,57336,61586,5000,1015292,1.0,0.0,1.0
397,2010-07-10,12,13,17,22,25,33,8,45890007000,3499519700,3,56443867,31,1280937,1366,52265,66958,5000,1089481,1.0,0.0,2.0
398,2010-07-17,10,15,20,23,42,44,7,45427304000,2680625550,4,57647862,31,1607090,1112,62263,57405,5000,968563,2.0,0.0,2.0
399,2010-07-24,1,2,9,17,19,42,20,45551786000,1276854975,8,42561833,40,1164483,1462,44222,76998,5000,1150232,6.0,0.0,2.0
400,2010-07-31,9,21,27,34,41,43,2,45379731000,2669834325,4,59329652,30,1419370,1254,60192,59141,5000,978194,2.0,0.0,2.0
401,2010-08-07,6,12,18,31,38,43,9,43491965000,1168214792,9,60424904,29,1293227,1355,50000,59599,5000,949491,5.0,0.0,4.0
402,2010-08-14,5,9,15,19,22,36,32,45002946000,2662206188,4,43287906,41,1396385,1271,50000,62656,5000,1034048,3.0,0.0,1.0
403,2010-08-21,10,14,22,24,28,37,26,44911335000,2122396875,5,41131723,43,1338883,1321,50000,63122,5000,1030051,4.0,0.0,1.0
404,2010-08-28,5,20,21,24,33,40,36,45389825000,3566659375,3,68589604,26,1400888,1273,50000,63559,5000,1050065,3.0,0.0,0.0
405,2010-09-04,1,2,10,25,26,44,4,45220904000,3543878000,3,50626829,35,1381091,1283,50000,63080,5000,1056188,3.0,0.0,0.0
406,2010-09-11,7,12,21,24,27,36,45,46062206000,2156142450,5,54448042,33,1246038,1442,50000,66604,5000,1065324,2.0,0.0,3.0
407,2010-09-18,6,7,13,16,24,25,1,48429586000,1649707286,7,71283649,27,1517870,1268,50000,65481,5000,1108695,4.0,0.0,3.0
408,2010-09-25,9,20,21,22,30,37,16,46406711000,2235375825,5,56448885,33,1497439,1244,50000,62101,5000,1039160,3.0,0.0,2.0
409,2010-10-02,6,9,21,31,32,40,38,47924584000,2896989750,4,53647959,36,1463127,1320,50000,64123,5000,1061106,2.0,0.0,2.0
410,2010-10-09,1,3,18,32,40,41,16,47467817000,1249335709,9,50648745,37,1438223,1303,50000,65942,5000,1088956,5.0,0.0,4.0
411,2010-10-16,11,14,22,35,37,39,5,47259122000,953227563,12,52957087,36,1446476,1318,50000,63403,5000,1041554,7.0,0.0,5.0
412,2010-10-23,4,7,39,41,42,45,40,47066180000,1656199822,7,56830387,34,1579913,1223,50000,59882,5000,1016225,7.0,0.0,0.0
413,2010-10-30,2,9,15,23,34,40,3,46925724000,2814673500,4,52123584,36,1493989,1256,50000,62797,5000,1062284,4.0,0.0,0.0
414,2010-11-06,2,14,15,22,23,44,43,46910990000,11703832500,1,55732536,35,1598885,1220,50000,58726,5000,982817,1.0,0.0,0.0
415,2010-11-13,7,17,20,26,30,40,24,46746048000,1334182407,8,50825997,35,1120927,1587,50000,71409,5000,1114259,5.0,0.0,3.0
416,2010-11-20,5,6,8,11,22,26,44,46854806000,1072037100,10,55835266,32,1190359,1501,50000,70470,5000,1122015,7.0,0.0,3.0
417,2010-11-27,4,5,14,20,22,43,44,45968256000,2818329938,4,55261372,34,1590929,1181,50000,58879,5000,1001817,4.0,0.0,0.0
418,2010-12-04,11,13,15,26,28,34,31,47058055000,1435649766,8,41613037,46,1454560,1316,50000,61748,5000,1025606,4.0,0.0,4.0
419,2010-12-11,2,11,13,14,28,30,7,46508296000,3796490750,3,57522588,33,1589821,1194,50000,60100,5000,1012637,3.0,0.0,0.0
420,2010-12-18,4,9,10,29,31,34,27,47345476000,1424856375,8,54280243,35,1600513,1187,50000,62929,5000,1065564,7.0,0.0,1.0
421,2010-12-25,6,11,26,27,28,44,30,47752021000,2321144325,5,53730193,36,1607887,1203,50000,62947,5000,1050873,4.0,0.0,1.0
422,2011-01-01,8,15,19,21,34,44,12,52730602000,2205251375,6,105011971,21,1705531,1293,50000,64044,5000,1104218,5.0,0.0,1.0
423,2011-01-08,1,17,27,28,29,40,5,49668311000,3896153875,3,41448446,47,1360389,1432,50000,69948,5000,1150428,2.0,0.0,1.0
424,2011-01-15,10,11,26,31,34,44,30,48728445000,1109480813,10,36257543,51,1096759,1686,50000,75456,5000,1159669,8.0,0.0,2.0
425,2011-01-22,8,10,14,27,33,38,3,50459694000,1534833000,8,49913269,41,1577829,1297,50000,66071,5000,1110949,5.0,0.0,3.0
426,2011-01-29,4,17,18,27,39,43,19,51466592000,3057233625,4,32351679,63,1393135,1463,50000,71102,5000,1174590,4.0,0.0,0.0
427,2011-02-05,6,7,15,24,28,30,21,52511055000,12571445625,1,63492150,33,1480736,1415,50000,71400,5000,1184720,1.0,0.0,0.0
428,2011-02-12,12,16,19,22,37,40,8,54685007000,1437683209,9,71884161,30,1375335,1568,50000,76003,5000,1258031,8.0,0.0,1.0
429,2011-02-19,3,23,28,34,39,42,16,53993833000,1485904709,9,60239381,37,1604649,1389,50000,68256,5000,1150652,9.0,0.0,0.0
430,2011-02-26,1,3,16,18,30,34,44,53194872000,1611763219,8,47755948,45,1483104,1449,50000,70039,5000,1180669,8.0,0.0,0.0
431,2011-03-05,18,22,25,31,38,45,6,51661947000,1268434013,10,49164110,43,1581195,1337,50000,66865,5000,1115054,7.0,0.0,3.0
432,2011-03-12,2,3,5,11,27,39,33,52348574000,2299427550,5,39920618,48,1096846,1747,50000,83754,5000,1331414,5.0,0.0,0.0
433,2011-03-19,19,23,29,33,35,43,27,52396606000,1182294410,11,52866824,41,1696041,1278,50000,65906,5000,1112537,9.0,0.0,2.0
434,2011-03-26,3,13,20,24,33,37,35,51579439000,1480060266,8,53335506,37,1056998,1867,50000,78263,5000,1217852,6.0,0.0,2.0
435,2011-04-02,8,16,26,30,38,45,42,52341267000,1287550013,10,69223119,31,1504851,1426,50000,67838,5000,1122280,6.0,0.0,4.0
436,2011-04-09,9,14,20,22,33,34,28,50869017000,1512266579,8,45826260,44,1414987,1425,50000,70742,5000,1153313,5.0,0.0,3.0
437,2011-04-16,11,16,29,38,41,44,21,50798417000,2096245438,6,63522590,33,1630051,1286,50000,64531,5000,1080539,4.0,0.0,2.0
438,2011-04-23,6,12,20,26,29,38,45,50370042000,1377142167,9,50383250,41,1585352,1303,50000,65010,5000,1081763,8.0,0.0,1.0
439,2011-04-30,17,20,30,31,37,40,25,49680708000,1900077375,6,57578103,33,1322253,1437,50000,75335,5000,1174597,5.0,0.0,1.0
440,2011-05-07,10,22,28,34,36,44,2,49810778000,1995873000,6,48679830,41,1335033,1495,50000,68428,5000,1103401,4.0,0.0,2.0
441,2011-05-14,1,23,28,30,34,35,9,50272122000,3170417063,4,50324081,42,1875432,1127,50000,60027,5000,1045164,4.0,0.0,0.0
442,2011-05-21,25,27,29,36,38,40,41,51219943000,1413413042,9,78522947,27,1668073,1271,50000,63699,5000,1092813,5.0,0.0,4.0
443,2011-05-28,4,6,10,19,20,44,14,51236072000,1327597584,9,48570644,41,1193883,1668,50000,74414,5000,1193233,6.0,0.0,3.0
444,2011-06-04,11,13,23,35,43,45,17,50673529000,4154188625,3,79888243,26,1635508,1270,50000,65611,5000,1087892,2.0,0.0,1.0
445,2011-06-11,13,20,21,30,39,45,32,50053080000,1791683036,7,74653460,28,1766946,1183,50000,61433,5000,1046503,4.0,0.0,3.0
446,2011-06-18,1,11,12,14,26,35,6,50595241000,4051247625,3,49405459,41,1473181,1375,50000,68198,5000,1136546,2.0,0.0,1.0
447,2011-06-25,2,7,8,9,17,33,34,49555042000,2657941125,4,57160025,31,1029612,1721,50000,84363,5000,1276737,2.0,0.0,2.0
448,2011-07-02,3,7,13,27,40,41,36,51341262000,4026212750,3,57517325,35,1415687,1422,50000,72122,5000,1191936,3.0,0.0,0.0
449,2011-07-09,3,10,20,26,35,43,36,50214272000,4059715250,3,52047632,39,1567458,1295,50000,65963,5000,1114025,2.0,0.0,1.0
450,2011-07-16,6,14,19,21,23,31,13,49732036000,1990391625,6,58540931,34,1475458,1349,50000,67461,5000,1113967,6.0,0.0,0.0
451,2011-07-23,12,15,20,24,30,38,29,49861167000,882138952,13,61654873,31,1185671,1612,50000,74696,5000,1181075,6.0,0.0,7.0
452,2011-07-30,8,10,18,30,32,34,27,48456758000,1276902000,9,39903188,48,1475619,1298,50000,66864,5000,1112471,4.0,0.0,5.0
453,2011-08-06,12,24,33,38,40,42,30,48055125000,2262732375,5,52378065,36,1335419,1412,50000,69250,5000,1096036,3.0,0.0,2.0
454,2011-08-13,13,25,27,34,38,41,10,48389211000,1609125590,7,43658447,43,1343818,1397,50000,74480,5000,1090420,6.0,0.0,1.0
455,2011-08-20,4,19,20,26,30,35,24,48769851000,1635711483,7,59635315,32,1317908,1448,50000,69056,5000,1133097,6.0,0.0,1.0
456,2011-08-27,1,7,12,18,23,27,44,49420681000,1598505054,7,47818528,39,1154037,1616,50000,75858,5000,1199612,5.0,0.0,2.0
457,2011-09-03,8,10,18,23,27,40,33,49679052000,1159902825,10,41131306,47,1283647,1506,50000,72524,5000,1149591,6.0,0.0,4.0
458,2011-09-10,4,9,10,32,36,40,18,53778256000,1608812625,8,41251606,52,1496918,1433,50000,72902,5000,1216672,5.0,0.0,3.0
459,2011-09-17,4,6,10,14,25,40,12,49890095000,1655842233,7,41995999,46,1260977,1532,50000,73084,5000,1167264,4.0,0.0,3.0
460,2011-09-24,8,11,28,30,43,45,41,51917635000,3180895782,4,70686573,30,1622493,1307,50000,66799,5000,1130818,4.0,0.0,0.0
461,2011-10-01,11,18,26,31,37,40,43,50624588000,1948674875,6,60896090,32,1134931,1717,50000,75605,5000,1188529,4.0,0.0,2.0
462,2011-10-08,3,20,24,32,37,45,4,49325555000,1483559297,8,50719976,39,1418996,1394,50000,67106,5000,1096569,5.0,0.0,3.0
463,2011-10-15,23,29,31,33,34,44,40,49205151000,0,0,54687384,37,1613584,1254,50000,62251,5000,1060512,,,
464,2011-10-22,6,12,15,34,42,44,4,126772274000,3355721106,13,67273025,78,1668457,3145,50000,159899,5000,2682564,10.0,0.0,3.0
465,2011-10-29,1,8,11,13,22,38,31,57793294000,1923662893,7,48788552,46,1295023,1733,50000,83244,5000,1356052,4.0,0.0,3.0
466,2011-11-05,4,10,13,23,32,44,20,58314753000,1530313459,9,41735822,55,1314703,1746,50000,83132,5000,1327403,6.0,0.0,3.0
467,2011-11-12,2,12,14,17,24,40,39,57383906000,1435441084,9,65247322,33,1188936,1811,50000,88314,5000,1410192,7.0,0.0,2.0
468,2011-11-19,8,13,15,28,37,43,17,55598552000,1527197167,9,69418054,33,1572269,1457,50000,70701,5000,1187572,8.0,0.0,1.0
469,2011-11-26,4,21,22,34,37,38,33,53364940000,3330131250,4,67275379,33,1738519,1277,50000,65880,5000,1125554,2.0,0.0,2.0
470,2011-12-03,10,16,20,39,41,42,27,53912965000,4333330625,3,80246864,27,1558753,1390,50000,71706,5000,1207572,3.0,0.0,0.0
471,2011-12-10,6,13,29,37,39,41,43,53492340000,1939332858,7,75418500,30,1856075,1219,50000,63297,5000,1096176,5.0,0.0,2.0
472,2011-12-17,16,25,26,31,36,43,44,51929207000,1809656090,7,91794150,23,1561587,1352,50000,68212,5000,1132776,6.0,0.0,1.0
473,2011-12-24,8,13,20,22,23,36,34,52867236000,3250418063,4,60192928,36,1650378,1313,50000,67064,5000,1148971,3.0,0.0,1.0
474,2011-12-31,4,13,18,31,33,45,43,58978482000,936690800,15,48785980,48,1347369,1738,50000,81500,5000,1336085,6.0,0.0,9.0
475,2012-01-07,1,9,14,16,21,29,3,56043275000,1693923047,8,68441336,33,1519896,1486,50000,75257,5000,1238055,3.0,0.0,5.0
476,2012-01-14,9,12,13,15,37,38,27,55591819000,3439851469,4,67448069,34,1772206,1294,50000,68643,5000,1203577,4.0,0.0,0.0
477,2012-01-21,14,25,29,32,33,45,37,60801409000,1919011829,8,77535832,33,1735877,1474,50000,73001,5000,1256239,7.0,0.0,1.0
478,2012-01-28,18,29,30,37,39,43,8,54975901000,987224759,14,65814984,35,1792627,1285,50000,67069,5000,1141261,12.0,0.0,2.0
479,2012-02-04,8,23,25,27,35,44,24,54848834000,2233046500,6,65677839,34,1607665,1389,50000,71489,5000,1197119,6.0,0.0,0.0
480,2012-02-11,3,5,10,17,30,31,16,55415681000,2996742282,4,39956564,50,1007478,1983,50000,96288,5000,1382163,3.0,0.0,1.0
481,2012-02-18,3,4,23,29,40,41,20,55642616000,4639355750,3,68225820,34,1792642,1294,50000,66695,5000,1185827,3.0,0.0,0.0
482,2012-02-25,1,10,16,24,25,35,43,56201452000,1897921179,7,73808046,30,1350971,1639,50000,78522,5000,1292139,4.0,0.0,3.0
483,2012-03-03,12,15,19,22,28,34,5,55582659000,2567196675,5,40364728,53,1134322,1886,50000,83480,5000,1300537,2.0,0.0,3.0
484,2012-03-10,1,3,27,28,32,45,11,55885979000,2305303063,6,72040721,32,1716533,1343,50000,70285,5000,1197263,4.0,0.0,2.0
485,2012-03-17,17,22,26,27,36,39,20,55692878000,1501474917,9,68248860,33,1601859,1406,50000,72785,5000,1237898,7.0,0.0,2.0
486,2012-03-24,1,2,23,25,38,40,43,54540823000,1008634125,13,75357722,29,1455946,1501,50000,72658,5000,1230904,9.0,0.0,4.0
487,2012-03-31,4,8,25,27,37,41,21,55276503000,1638830766,8,47502342,46,1376880,1587,50000,76639,5000,1265088,5.0,0.0,3.0
488,2012-04-07,2,8,17,30,31,38,25,54213092000,1330393575,10,67191595,33,1648567,1345,50000,69224,5000,1181353,8.0,0.0,2.0
489,2012-04-14,2,4,8,15,20,27,11,53558490000,2106360625,6,40506936,52,1369546,1538,50000,75822,5000,1227452,4.0,0.0,2.0
490,2012-04-21,2,7,26,29,40,43,42,52590121000,1860234161,7,74837007,29,1599318,1357,50000,65961,5000,1126965,5.0,0.0,2.0
491,2012-04-28,8,17,35,36,39,42,4,53413874000,3304634438,4,71067408,31,1619919,1360,50000,68290,5000,1133544,3.0,0.0,1.0
492,2012-05-05,22,27,31,35,37,40,42,51693454000,2493013800,5,51937788,40,1448753,1434,50000,69327,5000,1152057,3.0,0.0,2.0
493,2012-05-12,20,22,26,33,36,37,25,53231838000,1451120334,9,80617797,27,1621968,1342,50000,68608,5000,1154415,7.0,0.0,2.0
494,2012-05-19,5,7,8,15,30,43,22,53321589000,1054588407,12,52729421,40,1370486,1539,50000,74174,5000,1215736,7.0,0.0,5.0
495,2012-05-26,4,13,22,27,34,44,6,53645960000,2111645000,6,47991932,44,1346713,1568,50000,75762,5000,1228344,4.0,0.0,2.0
496,2012-06-02,4,13,20,29,36,41,39,52915804000,3285932250,4,47622207,46,1577122,1389,50000,66873,5000,1117856,3.0,0.0,1.0
497,2012-06-09,19,20,23,24,43,44,13,52411585000,2222817813,6,74093928,30,1936253,1148,50000,61101,5000,1073640,6.0,0.0,0.0
498,2012-06-16,13,14,24,32,39,41,3,52851253000,3244503094,4,61800059,35,1621441,1334,50000,68471,5000,1139612,4.0,0.0,0.0
499,2012-06-23,5,20,23,27,35,40,43,52767632000,4070480250,3,44244351,46,1344281,1514,50000,76797,5000,1252409,2.0,0.0,1.0
500,2012-06-30,3,4,12,20,24,34,41,54012267000,1351072375,9,29803068,68,1106832,1831,50000,84979,5000,1308863,7.0,0.0,2.0
501,2012-07-07,1,4,10,17,31,42,2,52717711000,3025200094,4,33062297,61,1230507,1639,50000,77235,5000,1272541,3.0,0.0,1.0
502,2012-07-14,6,22,28,32,34,40,26,54000640000,2201458125,6,71014779,31,1485465,1482,50000,70160,5000,1176131,3.0,0.0,3.0
503,2012-07-21,1,5,27,30,34,36,40,53572205000,1853634911,7,51489859,42,1673819,1292,50000,69822,5000,1198882,5.0,0.0,2.0
504,2012-07-28,6,14,22,26,43,44,31,51787037000,1443236959,9,74650188,29,1672995,1294,50000,63257,5000,1082365,8.0,0.0,1.0
505,2012-08-04,7,20,22,25,38,40,44,49103223000,1917955188,6,50472505,38,1331914,1440,50000,69758,5000,1144014,3.0,0.0,3.0
506,2012-08-11,6,9,11,22,24,30,31,52363311000,4073333875,3,61717180,33,1282536,1588,50000,75289,5000,1224774,2.0,0.0,1.0
507,2012-08-18,12,13,32,33,40,41,4,53638773000,1416438875,9,73264080,29,1442403,1473,50000,73411,5000,1230314,7.0,0.0,2.0
508,2012-08-25,5,27,31,34,35,43,37,54010391000,1599557860,8,68798188,31,1336306,1596,50000,75460,5000,1234049,6.0,0.0,2.0
509,2012-09-01,12,25,29,35,42,43,24,53390358000,2689076100,5,65908728,34,1824835,1228,50000,64934,5000,1104261,4.0,0.0,1.0
510,2012-09-08,12,29,32,33,39,40,42,53964992000,2644158150,5,88138605,25,1670558,1319,50000,69724,5000,1173715,5.0,0.0,0.0
511,2012-09-15,3,7,14,23,26,42,24,53970308000,2165579250,6,58529169,37,1420984,1524,50000,72310,5000,1209004,4.0,0.0,2.0
512,2012-09-22,4,5,9,13,26,27,1,54017801000,940094452,13,39170603,52,1210982,1682,50000,82439,5000,1318396,9.0,0.0,4.0
513,2012-09-29,5,8,21,23,27,33,12,58317548000,4589624750,3,42496526,54,1411324,1626,50000,82270,5000,1337355,2.0,0.0,1.0
514,2012-10-06,1,15,20,26,35,42,9,54452404000,4451055500,3,61820216,36,1634015,1362,50000,70323,5000,1181166,3.0,0.0,0.0
515,2012-10-13,2,11,12,15,23,37,8,55258935000,13200466875,1,62859367,35,1517296,1450,50000,74773,5000,1258039,0.0,0.0,1.0
516,2012-10-20,2,8,23,41,43,44,30,56385762000,1294190182,11,74146313,32,1773305,1338,50000,67233,5000,1169955,11.0,0.0,0.0
517,2012-10-27,1,9,12,28,36,41,10,54468223000,2659057725,5,55397036,40,1484181,1493,50000,70854,5000,1192872,3.0,0.0,2.0
518,2012-11-03,14,23,30,32,34,38,6,55321566000,2263804125,6,66582475,34,1678135,1349,50000,71110,5000,1198970,6.0,0.0,0.0
519,2012-11-10,6,8,13,16,30,43,3,55614206000,1950601393,7,71115676,32,1677010,1357,50000,71405,5000,1206248,7.0,0.0,0.0
520,2012-11-17,4,22,27,28,38,40,1,55003797000,2167205438,6,58573120,37,1332026,1627,50000,77196,5000,1260891,5.0,0.0,1.0
521,2012-11-24,3,7,18,29,32,36,19,56185373000,1693420922,8,42601785,53,1400679,1612,50000,75589,5000,1250016,5.0,0.0,3.0
522,2012-12-01,4,5,13,14,37,41,11,57053378000,2281623000,6,58503154,39,1526170,1495,50000,76078,5000,1293961,6.0,0.0,0.0
523,2012-12-08,1,4,37,38,40,45,7,53678449000,1780355840,7,48304229,43,1334029,1557,50000,79706,5000,1247454,4.0,0.0,3.0
524,2012-12-15,10,11,29,38,41,45,21,55662103000,3491695594,4,64661030,36,1739759,1338,50000,67866,5000,1163075,3.0,0.0,1.0
525,2012-12-22,11,23,26,29,39,44,22,55566007000,1501132375,9,54919478,41,1459300,1543,50000,73791,5000,1215973,6.0,0.0,3.0
526,2012-12-29,7,14,17,20,35,39,31,56527807000,1491031959,9,45643836,49,1453248,1539,50000,78325,5000,1291054,6.0,0.0,3.0
527,2013-01-05,1,12,22,32,33,42,38,56985634000,1032386366,13,77132315,29,1137183,1967,50000,83212,5000,1287504,9.0,0.0,4.0
528,2013-01-12,5,17,25,31,39,40,10,57548541000,1197889125,11,25536397,86,1212662,1811,50000,87443,5000,1366616,7.0,0.0,4.0
529,2013-01-19,18,20,24,27,31,42,39,57645779000,1749114797,8,70671305,33,1552699,1502,50000,75069,5000,1282443,5.0,0.0,3.0
530,2013-01-26,16,23,27,29,33,41,22,56241083000,1231656239,11,56450911,40,1558342,1449,50000,75595,5000,1255300,9.0,0.0,2.0
531,2013-02-02,1,5,9,21,27,35,45,57567064000,1521519750,9,54339992,42,1410557,1618,50000,78757,5000,1317489,7.0,0.0,2.0
532,2013-02-09,16,17,23,24,29,44,3,61687384000,2216896286,7,99476116,26,1747554,1480,50000,74186,5000,1288672,7.0,0.0,0.0
533,2013-02-16,9,14,15,17,31,33,23,59275357000,1785671579,8,54111260,44,1569477,1517,50000,78509,5000,1333013,4.0,0.0,4.0
534,2013-02-23,10,24,26,29,37,38,32,59227462000,14215763250,1,43078071,55,1541506,1537,50000,79943,5000,1332446,1.0,0.0,0.0
535,2013-03-02,11,12,14,15,18,39,34,60523884000,4935603000,3,79606500,31,1632144,1512,50000,76742,5000,1336486,3.0,0.0,0.0
536,2013-03-09,7,8,18,32,37,43,12,59763469000,1308523603,11,59973999,40,1431361,1676,50000,80139,5000,1336621,7.0,0.0,4.0
537,2013-03-16,12,23,26,30,36,43,11,59453323000,2104038911,7,70134631,35,1699940,1444,50000,75265,5000,1265143,4.0,0.0,3.0
538,2013-03-23,6,10,18,31,32,34,11,59233373000,4688021625,3,48833559,48,1359636,1724,50000,82529,5000,1347630,1.0,0.0,2.0
539,2013-03-30,3,19,22,31,42,43,26,59168870000,1621036667,9,57894167,42,1600761,1519,50000,75592,5000,1270479,5.0,0.0,4.0
540,2013-04-06,3,12,13,15,34,36,14,56739658000,1989365250,7,89266390,26,1647216,1409,50000,72629,5000,1234194,6.0,0.0,1.0
541,2013-04-13,8,13,26,28,32,34,43,57087047000,1269327171,11,58177496,40,1611565,1444,50000,73911,5000,1246235,9.0,0.0,2.0
542,2013-04-20,5,6,19,26,41,45,34,56949161000,2335152563,6,89813561,26,1603814,1456,50000,72242,5000,1236252,6.0,0.0,0.0
543,2013-04-27,13,18,26,31,34,44,12,56570245000,1112934844,12,47358930,47,1131032,1968,50000,81520,5000,1280433,3.0,0.0,9.0
544,2013-05-04,5,17,21,25,36,44,10,56056189000,1046388433,13,48237765,47,1484725,1527,50000,74263,5000,1235509,8.0,0.0,5.0
545,2013-05-11,4,24,25,27,34,35,2,55967171000,1198994353,11,52337056,42,1468375,1497,50000,77301,5000,1306657,9.0,0.0,2.0
546,2013-05-18,8,17,20,27,37,43,6,56713166000,405939950,30,36903632,55,652637,3110,50000,104469,5000,1379107,3.0,0.0,27.0
547,2013-05-25,6,7,15,22,34,39,28,57968466000,2838444450,5,43803156,54,1528018,1548,50000,75527,5000,1256984,4.0,0.0,1.0
548,2013-06-01,1,12,13,21,32,45,14,57771827000,1736871891,8,50344113,46,1406944,1646,50000,78057,5000,1291286,6.0,0.0,2.0
549,2013-06-08,29,31,35,38,40,44,17,56864611000,1760805047,8,67078288,35,1578844,1487,50000,71700,5000,1213077,5.0,0.0,3.0
550,2013-06-15,1,7,14,20,34,37,41,56441770000,1118679205,11,35360550,58,751801,2728,50000,103421,5000,1328508,8.0,0.0,3.0
551,2013-06-22,3,6,20,24,27,44,25,56989370000,13526973750,1,70452989,32,1565622,1440,50000,77811,5000,1313634,1.0,0.0,0.0
552,2013-06-29,1,10,20,32,35,40,43,57602386000,1330824225,10,49289787,45,1226793,1808,50000,86409,5000,1347284,6.0,0.0,4.0
553,2013-07-06,2,7,17,28,29,39,37,56487483000,2249631438,6,43262144,52,1365897,1647,50000,77687,5000,1272468,6.0,0.0,0.0
554,2013-07-13,13,14,17,32,41,42,6,56124466000,6813893625,2,55397510,41,1530525,1484,50000,74436,5000,1234010,1.0,0.0,1.0
555,2013-07-20,11,17,21,24,26,36,12,57273817000,1711027360,8,49594996,46,1468063,1554,50000,78046,5000,1296730,7.0,0.0,1.0
556,2013-07-27,12,20,23,28,30,44,43,57374791000,2005209161,7,57058798,41,1657981,1411,50000,73689,5000,1257532,6.0,0.0,1.0
557,2013-08-03,4,20,26,28,35,40,31,55086560000,1888069286,7,51226687,43,1465568,1503,50000,74569,5000,1238570,2.0,0.0,5.0
558,2013-08-10,12,15,19,26,40,43,29,54939001000,1315913663,10,43003715,51,1557663,1408,50000,77834,5000,1206457,8.0,0.0,2.0
559,2013-08-17,11,12,25,32,44,45,23,55733418000,1926145608,7,53504045,42,1434975,1566,50000,73823,5000,1239640,5.0,0.0,2.0
560,2013-08-24,1,4,20,23,29,45,28,56565298000,1976697215,7,57653669,40,1562431,1476,50000,73123,5000,1235465,5.0,0.0,2.0
561,2013-08-31,5,7,18,37,42,45,20,56638383000,2753712225,5,55969761,41,1600252,1434,50000,73966,5000,1252562,2.0,0.0,3.0
562,2013-09-07,4,11,13,17,20,31,33,56288212000,1166694614,11,41940003,51,1195607,1789,50000,85094,5000,1355577,9.0,0.0,2.0
563,2013-09-14,5,10,16,17,31,32,21,57320132000,1932735643,7,59338375,38,1373239,1642,50000,79945,5000,1324790,6.0,0.0,1.0
564,2013-09-21,14,19,25,26,27,34,2,58012468000,1934801143,7,70539625,32,1368871,1649,50000,83100,5000,1358618,6.0,0.0,1.0
565,2013-09-28,4,10,18,27,40,45,38,59556622000,1742064469,8,59557760,39,1244777,1866,50000,85438,5000,1384878,6.0,0.0,2.0
566,2013-10-05,4,5,6,25,26,43,41,57666611000,3508951032,4,66837163,35,1504374,1555,50000,74789,5000,1275890,3.0,0.0,1.0
567,2013-10-12,1,10,15,16,32,41,28,57439471000,2318659438,6,43748292,53,1498811,1547,50000,76284,5000,1271252,3.0,0.0,3.0
568,2013-10-19,1,3,17,20,31,44,40,57681628000,1305167550,10,43505585,50,1179014,1845,50000,87784,5000,1409876,4.0,0.0,6.0
569,2013-10-26,3,6,13,23,24,35,1,58441902000,3467925188,4,64220837,36,1355188,1706,50000,81582,5000,1329250,3.0,0.0,1.0
570,2013-11-02,1,12,26,27,29,33,42,57654279000,1527791625,9,60307565,38,1456890,1573,50000,77565,5000,1323078,6.0,0.0,3.0
571,2013-11-09,11,18,21,26,38,43,29,56493528000,1966538465,7,69524088,33,1523437,1506,50000,74042,5000,1238061,7.0,0.0,0.0
572,2013-11-16,3,13,18,33,37,45,1,56473602000,1668216188,8,41967703,53,1282750,1734,50000,81361,5000,1274889,5.0,0.0,3.0
573,2013-11-23,2,4,20,34,35,43,14,56092721000,1645691766,8,43885114,50,1352809,1622,50000,78997,5000,1308493,7.0,0.0,1.0
574,2013-11-30,14,15,16,19,25,43,2,55882933000,6965184938,2,70355404,33,1844106,1259,50000,68910,5000,1184428,2.0,0.0,0.0
575,2013-12-07,2,8,20,30,33,34,6,56330738000,1699267875,8,50348678,45,1522642,1488,50000,75000,5000,1257969,2.0,0.0,6.0
576,2013-12-14,10,11,15,25,35,41,13,54691148000,4321966000,3,40018204,54,1384359,1561,50000,76903,5000,1242512,1.0,0.0,2.0
577,2013-12-21,16,17,22,31,34,37,33,57010827000,4484438375,3,53386172,42,1469345,1526,50000,79150,5000,1322032,3.0,0.0,0.0
578,2013-12-28,5,12,14,32,34,42,16,58584741000,2796466575,5,54195089,43,1442966,1615,50000,80303,5000,1326822,2.0,0.0,3.0
579,2014-01-04,5,7,20,22,37,42,39,63532871000,1396068444,11,55640409,46,1446840,1769,50000,85011,5000,1408043,6.0,0.0,5.0
580,2014-01-11,5,7,9,11,32,35,33,60514216000,2028610500,7,56350292,42,1421449,1665,50000,86352,5000,1401162,3.0,0.0,4.0
581,2014-01-18,3,5,14,20,42,44,33,60257457000,1844554547,8,63061694,39,1777028,1384,50000,76964,5000,1321056,2.0,0.0,6.0
582,2014-01-25,2,12,14,33,40,41,25,59306953000,3560558719,4,41643962,57,1455369,1631,50000,79917,5000,1333596,1.0,0.0,3.0
583,2014-02-01,8,17,27,33,40,44,24,62675295000,1341848353,11,48236379,51,1347238,1826,50000,88583,5000,1445611,3.0,0.0,8.0
584,2014-02-08,7,18,30,39,40,41,36,61343856000,5033183250,3,78643489,32,1718984,1464,50000,77972,5000,1328119,2.0,0.0,1.0
585,2014-02-15,6,7,10,16,38,41,4,60253002000,1620546334,9,54018212,45,1590851,1528,50000,79691,5000,1339079,6.0,0.0,3.0
586,2014-02-22,2,7,12,15,21,34,5,59502096000,1778354344,8,51546503,46,1510280,1570,50000,80965,5000,1346737,4.0,0.0,4.0
587,2014-03-01,14,21,29,31,32,37,17,59715499000,4974577375,3,57843923,43,1730890,1437,50000,73745,5000,1254438,1.0,0.0,2.0
588,2014-03-08,2,8,15,22,25,41,30,59533101000,2889342075,5,55995002,43,1436626,1676,50000,78517,5000,1315684,1.0,0.0,4.0
589,2014-03-15,6,8,28,33,38,39,22,60643729000,2136877983,7,59357722,42,1599118,1559,50000,77435,5000,1301184,5.0,0.0,2.0
590,2014-03-22,20,30,36,38,41,45,23,60003131000,2185183983,7,82238107,31,1860863,1370,50000,70019,5000,1221113,4.0,0.0,3.0
591,2014-03-29,8,13,14,30,38,39,5,59373946000,2964676200,5,65014829,38,1665923,1483,50000,73310,5000,1251393,3.0,0.0,2.0
592,2014-04-05,2,5,6,13,28,44,43,58097477000,2356381688,6,84156489,28,1675948,1406,50000,75519,5000,1284347,5.0,0.0,1.0
593,2014-04-12,9,10,13,24,33,38,28,59368204000,1532833500,9,37084682,62,1264715,1818,50000,87413,5000,1383890,4.0,0.0,5.0
594,2014-04-19,2,8,13,25,28,37,3,57764442000,1255592796,11,54807623,42,1315383,1750,50000,79157,5000,1301802,9.0,0.0,2.0
595,2014-04-26,8,24,28,35,38,40,5,57797288000,1744525219,8,43074697,54,1549656,1501,50000,77652,5000,1281555,4.0,0.0,4.0
596,2014-05-03,3,4,12,14,25,43,17,56561071000,1328267663,10,53994621,41,1340872,1651,50000,80007,5000,1313990,7.0,0.0,3.0
597,2014-05-10,8,10,23,24,35,43,37,56832361000,1057920606,13,49829594,46,1496189,1532,50000,75553,5000,1260248,12.0,0.0,1.0
598,2014-05-17,4,12,24,33,38,45,22,57518550000,833998594,16,44479925,50,1083291,2053,50000,86005,5000,1333411,5.0,0.0,11.0
599,2014-05-24,5,12,17,29,34,35,27,57381791000,1710918329,8,53051732,43,1353843,1685,50000,79069,5000,1297530,4.0,0.0,4.0
600,2014-05-31,5,11,14,27,29,36,44,56372519000,901798725,15,54987728,41,1485176,1518,50000,77138,5000,1258677,4.0,0.0,11.0
601,2014-06-07,2,16,19,31,34,35,37,55868455000,1524565209,9,81673137,28,1508475,1516,50000,72233,5000,1205559,6.0,0.0,3.0
602,2014-06-14,13,14,22,27,30,38,2,56262855000,1689530860,8,53635901,42,1344901,1675,50000,77026,5000,1251693,6.0,0.0,2.0
603,2014-06-21,2,19,25,26,27,43,28,56276650000,3452136563,4,76714146,30,1688500,1363,50000,71799,5000,1227396,3.0,0.0,1.0
604,2014-06-28,2,6,18,21,33,34,30,56266399000,1229141557,11,62595172,36,1553016,1451,50000,75476,5000,1266398,10.0,0.0,1.0
605,2014-07-05,1,2,7,9,10,38,42,56622924000,1394232250,9,52283710,40,914851,2286,50000,92980,5000,1386335,6.0,0.0,3.0
606,2014-07-12,1,5,6,14,20,39,22,56928896000,1311566850,10,49680563,44,1417604,1542,50000,82879,5000,1366588,8.0,0.0,2.0
607,2014-07-19,8,14,23,36,38,39,13,56806213000,3494480907,4,66561542,35,1608878,1448,50000,73277,5000,1220405,3.0,0.0,1.0
608,2014-07-26,4,8,18,19,39,44,41,56146117000,1943530018,7,70857866,32,1495681,1516,50000,74353,5000,1243159,5.0,0.0,2.0
609,2014-08-02,4,8,27,34,39,40,13,54858201000,6339311438,2,44959656,47,1303581,1621,50000,80472,5000,1300134,2.0,0.0,0.0
610,2014-08-09,14,18,20,23,28,36,33,56862756000,3516018375,4,68941537,34,1676690,1398,50000,71718,5000,1218676,4.0,0.0,0.0
611,2014-08-16,2,22,27,33,36,37,14,57411079000,3502706157,4,49683776,47,1571425,1486,50000,74589,5000,1258998,4.0,0.0,0.0
612,2014-08-23,6,9,18,19,25,33,40,56931314000,1181705250,11,36719655,59,1181921,1833,50000,86228,5000,1364516,7.0,0.0,4.0
613,2014-08-30,7,8,11,16,41,44,35,57986249000,1549831209,9,77491561,30,1511539,1538,50000,77945,5000,1299580,8.0,0.0,1.0
614,2014-09-06,8,21,25,39,40,44,18,62301977000,2540975438,6,55238597,46,1668402,1523,50000,80393,5000,1360707,5.0,0.0,1.0
615,2014-09-13,10,17,18,19,23,27,35,59072378000,1535062417,9,74277214,31,1378799,1670,50000,83981,5000,1383278,8.0,0.0,1.0
616,2014-09-20,5,13,18,23,40,45,3,60303360000,1611811250,9,49341161,49,1422187,1700,50000,81118,5000,1350809,4.0,0.0,5.0
617,2014-09-27,4,5,11,12,24,27,28,58958123000,1629701860,8,50533391,43,1090284,1993,50000,93731,5000,1481805,4.0,0.0,4.0
618,2014-10-04,8,16,25,30,42,43,15,58550803000,2881326225,5,53357894,45,1518726,1581,50000,75243,5000,1260882,5.0,0.0,0.0
619,2014-10-11,6,8,13,30,35,40,21,58822925000,4612479375,3,39088809,59,1347103,1712,50000,83710,5000,1355209,3.0,0.0,0.0
620,2014-10-18,2,16,17,32,39,45,40,58342777000,2028283233,7,53780238,44,1424643,1661,50000,78155,5000,1266599,5.0,0.0,2.0
621,2014-10-25,1,2,6,16,19,42,9,59407216000,2359723500,6,38060057,62,1517508,1555,50000,82843,5000,1336734,4.0,0.0,2.0
622,2014-11-01,9,15,16,21,28,34,24,59601329000,1630598292,9,71938160,34,1501472,1629,50000,77626,5000,1270437,8.0,0.0,1.0
623,2014-11-08,7,13,30,39,41,45,25,58504142000,1813702594,8,69093433,35,1660900,1456,50000,73522,5000,1245962,6.0,0.0,2.0
624,2014-11-15,1,7,19,26,27,35,16,57832726000,2763729450,5,37755867,61,1463220,1574,50000,78840,5000,1309900,5.0,0.0,0.0
625,2014-11-22,3,6,7,20,21,39,13,58614979000,2765184675,5,51207124,45,1393181,1654,50000,82014,5000,1354445,4.0,0.0,1.0
626,2014-11-29,13,14,26,33,40,43,15,58986187000,1717871110,8,50899885,45,1296996,1766,50000,86261,5000,1371217,5.0,0.0,3.0
627,2014-12-06,2,9,22,25,31,45,12,55981334000,1352230650,10,64391936,35,1471096,1532,50000,74824,5000,1243945,4.0,0.0,6.0
628,2014-12-13,1,7,12,15,23,42,11,57253109000,1499942875,9,60808495,37,1382012,1628,50000,80147,5000,1323978,5.0,0.0,4.0
629,2014-12-20,19,28,31,38,43,44,1,57618701000,2919433575,5,71554745,34,1841682,1321,50000,68554,5000,1183752,5.0,0.0,0.0
630,2014-12-27,8,17,21,24,27,31,15,61335894000,4836305500,3,50378183,48,1482620,1631,50000,84380,5000,1420745,1.0,0.0,2.0
631,2015-01-03,1,2,4,23,31,34,8,65300621000,3919853532,4,56809472,46,1559210,1676,50000,85710,5000,1491785,4.0,0.0,0.0
632,2015-01-10,15,18,21,32,35,44,6,63066603000,1432587716,11,50507901,52,1596603,1645,50000,78418,5000,1320223,9.0,0.0,2.0
633,2015-01-17,9,12,19,20,39,41,13,62015797000,1217257094,12,51798175,47,1360825,1789,50000,87613,5000,1430227,8.0,0.0,4.0
634,2015-01-24,4,10,11,12,20,27,38,63149567000,1077935106,13,43250483,54,1057757,2208,50000,101514,5000,1562975,10.0,0.0,3.0
635,2015-01-31,11,13,25,26,29,33,32,62429621000,1855587235,8,70689038,35,1499465,1650,50000,85675,5000,1427626,7.0,0.0,1.0
636,2015-02-07,6,7,15,16,20,31,26,62786394000,1832362219,8,55526128,44,1238292,1973,50000,90830,5000,1461300,5.0,0.0,3.0
637,2015-02-14,3,16,22,37,38,44,23,63504865000,3899241094,4,57766535,45,1587963,1637,50000,82147,5000,1369826,2.0,0.0,2.0
638,2015-02-21,7,18,22,24,31,34,6,64319586000,2229403179,7,63438302,41,1513072,1719,50000,84781,5000,1422596,5.0,0.0,2.0
639,2015-02-28,6,15,22,23,25,32,40,66202599000,4061185219,4,60165707,45,1663058,1628,50000,84861,5000,1439719,1.0,0.0,3.0
640,2015-03-07,14,15,18,21,26,35,23,64080502000,1728768834,9,54024027,48,1582156,1639,50000,85410,5000,1404905,7.0,1.0,1.0
641,2015-03-14,11,18,21,36,37,43,12,63773134000,1990074563,8,53068655,50,1695485,1565,50000,79145,5000,1340371,5.0,0.0,3.0
642,2015-03-21,8,17,18,24,39,45,32,63544224000,1251460438,12,40369692,62,1379020,1815,50000,88406,5000,1465689,7.0,1.0,4.0
643,2015-03-28,15,24,31,32,33,40,13,63110068000,2535763625,6,58971248,43,1662796,1525,50000,84656,5000,1407225,3.0,0.0,3.0
644,2015-04-04,5,13,17,23,28,36,8,61846599000,1831451204,8,49835407,49,1299593,1879,50000,87582,5000,1401744,5.0,0.0,3.0
645,2015-04-11,1,4,16,26,40,41,31,62661756000,3696297750,4,88007090,28,1395356,1766,50000,87873,5000,1444728,3.0,0.0,1.0
646,2015-04-18,2,9,24,41,43,45,30,62308090000,2215498393,7,71798560,36,1698258,1522,50000,77400,5000,1321212,6.0,0.0,1.0
647,2015-04-25,5,16,21,23,24,30,29,62314338000,2189725608,7,58060907,44,1600677,1596,50000,79202,5000,1351926,5.0,1.0,1.0
648,2015-05-02,13,19,28,37,38,43,4,60874405000,2120987947,7,54988577,45,1517159,1631,50000,80986,5000,1318403,4.0,1.0,2.0
649,2015-05-09,3,21,22,33,41,42,20,60473178000,2948042100,5,54593373,45,1454531,1689,50000,80347,5000,1313125,5.0,0.0,0.0
650,2015-05-16,3,4,7,11,31,41,35,60991082000,2849298900,5,52764795,45,1308940,1814,50000,87030,5000,1429743,3.0,0.0,2.0
651,2015-05-23,11,12,16,26,29,44,18,61494891000,1855306454,8,70678342,35,1468968,1684,50000,82567,5000,1365832,7.0,0.0,1.0
652,2015-05-30,3,13,15,40,41,44,20,60426977000,3003483525,5,69525082,36,1664165,1504,50000,75739,5000,1280663,1.0,0.0,4.0
653,2015-06-06,5,6,26,27,38,39,1,59716037000,980958670,14,40873278,56,1146172,1997,50000,88995,5000,1419408,5.0,0.0,9.0
654,2015-06-13,16,21,26,31,36,43,6,60697813000,1879301391,8,36315003,69,1402203,1787,50000,77788,5000,1282725,6.0,0.0,2.0
655,2015-06-20,7,37,38,39,40,44,18,60434801000,1661439625,9,60784377,41,1547926,1610,50000,77437,5000,1281655,7.0,0.0,2.0
656,2015-06-27,3,7,14,16,31,40,39,61328118000,7330002750,2,50902797,48,1398589,1747,50000,83772,5000,1385757,2.0,0.0,0.0
657,2015-07-04,10,14,19,39,40,43,23,61769837000,1694762792,9,48887389,52,1627494,1562,50000,78396,5000,1325593,5.0,0.0,4.0
658,2015-07-11,8,19,25,28,32,36,37,61131243000,1634031375,9,64501239,38,1460696,1678,50000,82738,5000,1364069,7.0,0.0,2.0
659,2015-07-18,7,18,19,27,29,42,45,61677747000,1336604216,11,61261027,40,1388352,1765,50000,85028,5000,1396789,7.0,0.0,4.0
660,2015-07-25,4,9,23,33,39,44,14,60813322000,1421272575,10,49349743,48,1214141,1951,50000,88247,5000,1408802,6.0,2.0,2.0
661,2015-08-01,2,3,12,20,27,38,40,59597375000,1713025547,8,36254509,63,1248107,1830,50000,87840,5000,1426883,5.0,0.0,3.0
662,2015-08-08,5,6,9,11,15,37,26,59164542000,1689733688,8,52394844,43,1260761,1787,50000,88493,5000,1426759,6.0,0.0,2.0
663,2015-08-15,3,5,8,19,38,42,20,61100704000,2080244143,7,40449192,60,1491673,1627,50000,84092,5000,1386028,3.0,2.0,2.0
664,2015-08-22,10,20,33,36,41,44,5,61921689000,1536801338,10,58212172,44,1674076,1530,50000,77395,5000,1320082,7.0,0.0,3.0
665,2015-08-29,5,6,11,17,38,44,13,61885874000,3643230375,4,80960675,30,1356883,1790,50000,87227,5000,1430205,2.0,0.0,2.0
666,2015-09-05,2,4,6,11,17,28,16,62652917000,2396901063,6,50997895,47,1231074,1947,50000,93631,5000,1493940,1.0,0.0,5.0
667,2015-09-12,15,17,25,37,42,43,13,63421632000,2228764393,7,65005629,40,1685176,1543,50000,81344,5000,1368363,7.0,0.0,0.0
668,2015-09-19,12,14,15,24,27,32,3,63346405000,2991158625,5,44511290,56,1330824,1873,50000,89414,5000,1452289,2.0,0.0,3.0
669,2015-09-26,7,8,20,29,33,38,9,67952211000,2708173188,6,52080254,52,1389520,1949,50000,93078,5000,1531364,4.0,0.0,2.0
670,2015-10-03,11,18,26,27,40,41,25,62242687000,1191725219,12,61114114,39,1111166,2145,50000,92680,5000,1483948,7.0,0.0,5.0
671,2015-10-10,7,9,10,13,31,35,24,63940807000,3722322844,4,51698929,48,1395697,1778,50000,90364,5000,1519963,2.0,1.0,1.0
672,2015-10-17,8,21,28,31,36,45,43,63542330000,1754745000,9,57219946,46,1615788,1629,50000,80167,5000,1341175,6.0,0.0,3.0
673,2015-10-24,7,10,17,29,33,44,5,63163578000,1491453300,10,71021586,35,1333560,1864,50000,88838,5000,1450769,5.0,1.0,4.0
674,2015-10-31,9,10,14,25,27,31,11,61386974000,1770565500,8,49182375,48,1278849,1846,50000,89646,5000,1465031,3.0,0.0,5.0
675,2015-11-07,1,8,11,15,18,45,7,60458623000,3514549032,4,36046657,65,1297361,1806,50000,88118,5000,1415830,1.0,2.0,1.0
676,2015-11-14,1,8,17,34,39,45,27,62147642000,1879726500,8,39782572,63,1505287,1665,50000,83276,5000,1371921,5.0,1.0,2.0
677,2015-11-21,12,15,24,36,41,44,42,62267624000,1921114407,8,69229348,37,1505871,1701,50000,79827,5000,1330115,2.0,0.0,6.0
678,2015-11-28,4,5,6,12,25,37,45,60887293000,2288490188,6,55816834,41,1233688,1855,50000,93305,5000,1494095,5.0,0.0,1.0
679,2015-12-05,3,5,7,14,26,34,35,62220918000,2863005600,5,44182186,54,1304450,1829,50000,91171,5000,1493041,2.0,1.0,2.0
680,2015-12-12,4,10,19,29,32,42,30,64245201000,1110570563,14,58893894,44,1385739,1870,50000,86441,5000,1413980,5.0,0.0,9.0
681,2015-12-19,21,24,27,29,43,44,7,63268253000,2696328938,6,72873756,37,1871152,1441,50000,73062,5000,1282079,6.0,0.0,0.0
682,2015-12-26,17,23,27,35,38,43,2,66757858000,4063713563,4,48377543,56,1463611,1851,50000,87618,5000,1464978,4.0,0.0,0.0
683,2016-01-02,6,13,20,27,28,40,15,71940091000,1010930883,16,59907016,45,996974,2704,50000,117974,5000,1700964,6.0,2.0,8.0
684,2016-01-09,1,11,15,17,25,39,40,66623887000,1688815709,9,40858445,62,1287208,1968,50000,98607,5000,1623161,9.0,0.0,0.0
685,2016-01-16,6,7,12,28,38,40,18,69126675000,1494367671,11,52686040,52,1434385,1910,50000,95302,5000,1576169,8.0,0.0,3.0
686,2016-01-23,7,12,15,24,25,43,13,65274010000,1937531719,8,71760435,36,1386676,1863,50000,91027,5000,1483730,5.0,0.0,3.0
687,2016-01-30,1,8,10,13,28,42,45,68044669000,2720029313,6,71579719,38,1528107,1780,50000,91404,5000,1538380,6.0,0.0,0.0
688,2016-02-06,5,15,22,23,34,35,2,73095612000,1967536750,9,55685003,53,1400715,2107,50000,97676,5000,1610713,5.0,0.0,4.0
689,2016-02-13,7,17,19,30,36,38,34,67460147000,2321775911,7,61562241,44,1497368,1809,50000,90296,5000,1509073,5.0,0.0,2.0
690,2016-02-20,24,25,33,34,38,39,43,69142025000,1126507625,15,82831444,34,1589317,1772,50000,87970,5000,1528472,3.0,0.0,12.0
691,2016-02-27,15,27,33,35,43,45,16,68590328000,2839296750,6,91590218,31,1662352,1708,50000,86063,5000,1455528,6.0,0.0,0.0
692,2016-03-05,3,11,14,15,32,36,44,66390499000,2301273697,7,61018621,44,1516848,1770,50000,87763,5000,1465709,4.0,0.0,3.0
693,2016-03-12,1,6,11,28,34,42,30,67352935000,1642763813,10,63673016,43,1618168,1692,50000,87017,5000,1484420,8.0,1.0,1.0
694,2016-03-19,7,15,20,25,33,43,12,67533257000,1555036388,10,33227274,78,1133739,2286,50000,102474,5000,1581822,3.0,1.0,6.0
695,2016-03-26,4,18,26,33,34,38,14,67672085000,1450214830,11,40283746,66,1343471,1979,50000,95436,5000,1558885,6.0,2.0,3.0
696,2016-04-02,1,7,16,18,34,38,21,67542971000,1632054413,10,61820243,44,1580530,1721,50000,90020,5000,1501952,6.0,0.0,4.0
697,2016-04-09,2,5,8,11,33,39,31,66966141000,1531443038,10,28360057,90,1315673,1940,50000,99698,5000,1615786,7.0,1.0,2.0
698,2016-04-16,3,11,13,21,33,37,18,66283268000,1921084125,8,53363448,48,1226746,2088,50000,97965,5000,1550364,5.0,1.0,2.0
699,2016-04-23,4,5,8,16,21,29,3,66743146000,1995411375,8,53210970,50,1478905,1799,50000,90504,5000,1512397,6.0,1.0,1.0
700,2016-04-30,11,23,28,29,30,44,13,66846276000,2082099188,8,67710543,41,1777294,1562,50000,82874,5000,1414076,6.0,1.0,1.0
701,2016-05-07,3,10,14,16,36,38,35,64454138000,1583183175,10,65965966,40,1590500,1659,50000,81917,5000,1404422,8.0,1.0,1.0
702,2016-05-14,3,13,16,24,26,29,9,66219854000,1465091387,11,58391324,46,1476636,1819,50000,88043,5000,1443954,4.0,0.0,7.0
703,2016-05-21,10,28,31,33,41,44,21,65728988000,3235784100,5,52872290,51,1568637,1719,50000,84194,5000,1416580,5.0,0.0,0.0
704,2016-05-28,1,4,8,23,33,42,45,65930117000,3865190344,4,54825395,47,1351938,1906,50000,95021,5000,1519932,1.0,0.0,3.0
705,2016-06-04,1,6,17,22,28,45,23,65859843000,3987206532,4,54247708,49,1472653,1805,50000,87931,5000,1453654,3.0,0.0,1.0
706,2016-06-11,3,4,6,10,28,30,37,65723488000,3831746063,4,50088184,51,1211811,2108,50000,95376,5000,1531393,3.0,0.0,1.0
707,2016-06-18,2,12,19,24,39,44,35,66813924000,1322167313,12,35734252,74,1318213,2006,50000,94281,5000,1507647,6.0,0.0,6.0
708,2016-06-25,2,10,16,19,34,45,1,66806307000,4099552219,4,52558362,52,1596399,1712,50000,86091,5000,1446865,3.0,0.0,1.0
709,2016-07-02,10,18,30,36,39,44,32,65592504000,1165271625,14,61794708,44,1603165,1696,50000,82305,5000,1385853,12.0,0.0,2.0
710,2016-07-09,3,4,9,24,25,33,10,65083972000,2895441150,5,42331011,57,1212497,1990,50000,102058,5000,1627229,1.0,0.0,4.0
711,2016-07-16,11,15,24,35,37,45,42,66152746000,2277413358,7,60385961,44,1424656,1865,50000,89898,5000,1465123,3.0,0.0,4.0
712,2016-07-23,17,20,30,31,33,45,19,66136318000,4034485125,4,57226740,47,1557416,1727,50000,86066,5000,1449521,3.0,0.0,1.0
713,2016-07-30,2,5,15,18,19,23,44,64646552000,1714720917,9,51441628,50,1436115,1791,50000,87920,5000,1470125,6.0,1.0,2.0
714,2016-08-06,1,7,22,33,37,40,20,64099989000,2085131733,7,52883776,46,1198943,2029,50000,96576,5000,1551993,3.0,0.0,4.0
715,2016-08-13,2,7,27,33,41,44,10,65794607000,2605510438,6,42713286,61,1391090,1873,50000,90747,5000,1503174,4.0,1.0,1.0
716,2016-08-20,2,6,13,16,29,30,21,67040169000,1358752157,12,77642981,35,1559096,1743,50000,88628,5000,1469730,12.0,0.0,0.0
717,2016-08-27,2,11,19,25,28,32,44,68597839000,2702433688,6,57498590,47,1369015,1974,50000,96836,5000,1567530,2.0,0.0,4.0
718,2016-09-03,4,11,20,23,32,39,40,69400763000,926166464,17,41002162,64,1091572,2404,50000,114614,5000,1595315,7.0,0.0,10.0
719,2016-09-10,4,8,13,19,20,43,26,71378392000,1879581334,9,48609863,58,1395729,2020,50000,99906,5000,1627784,9.0,0.0,0.0
720,2016-09-17,1,12,29,34,36,37,41,69939090000,1233770358,14,77805338,37,1619122,1778,50000,88260,5000,1505233,9.0,0.0,5.0
721,2016-09-24,1,28,35,41,43,44,31,71627567000,2273767360,8,75792246,40,1886553,1607,50000,84770,5000,1464353,7.0,0.0,1.0
722,2016-10-01,12,14,21,30,39,43,45,69446489000,4365422719,4,63266996,46,1724101,1688,50000,84912,5000,1439078,4.0,0.0,0.0
723,2016-10-08,20,30,33,35,36,44,22,67750231000,2114365360,8,70478846,40,1586469,1777,50000,85141,5000,1412967,3.0,1.0,4.0
724,2016-10-15,2,8,33,35,37,41,14,69987274000,1427789813,12,51919630,55,1557873,1833,50000,90083,5000,1528970,8.0,0.0,4.0
725,2016-10-22,6,7,19,21,41,43,38,70208676000,1579217250,11,61600673,47,1612943,1795,50000,88359,5000,1504907,7.0,0.0,4.0
726,2016-10-29,1,11,21,23,34,44,24,68799295000,1166872634,14,48619694,56,1297143,2099,50000,96718,5000,1556425,7.0,2.0,5.0
727,2016-11-05,7,8,10,19,21,31,20,67559139000,1115107742,14,29907105,87,1260620,2064,50000,99271,5000,1600135,10.0,0.0,4.0
728,2016-11-12,3,6,10,30,34,37,36,68306112000,3243464400,5,48265840,56,1446168,1869,50000,94693,5000,1559062,5.0,0.0,0.0
729,2016-11-19,11,17,21,26,36,45,16,68784161000,4198250719,4,79966681,35,1492712,1875,50000,89560,5000,1504682,3.0,0.0,1.0
730,2016-11-26,4,10,14,15,18,22,39,66934105000,2017382110,8,59774285,45,1544999,1741,50000,88791,5000,1501752,6.0,0.0,2.0
731,2016-12-03,2,7,13,25,42,45,39,69239673000,2340471054,7,60678880,45,1431106,1908,50000,96083,5000,1594258,2.0,0.0,5.0
732,2016-12-10,2,4,5,17,27,32,43,68645948000,2203270608,7,57121831,45,1247202,2061,50000,104583,5000,1705993,4.0,0.0,3.0
733,2016-12-17,11,24,32,33,35,40,13,69321488000,4016725125,4,46979242,57,1362064,1966,50000,101369,5000,1633952,2.0,1.0,1.0
734,2016-12-24,6,16,37,38,41,45,18,71457582000,1949395500,9,81224813,36,1663307,1758,50000,92514,5000,1542069,8.0,0.0,1.0
735,2016-12-31,5,10,13,27,37,41,4,77488209000,1847231588,10,61574387,50,1356862,2269,50000,107013,5000,1752740,7.0,0.0,3.0
736,2017-01-07,2,11,17,18,21,27,6,73510203000,3397362225,5,52428430,54,1258283,2250,50000,107357,5000,1747634,4.0,0.0,1.0
737,2017-01-14,13,15,18,24,27,41,11,70775944000,4283061000,4,59486959,48,1474122,1937,50000,94183,5000,1567166,3.0,0.0,1.0
738,2017-01-21,23,27,28,38,42,43,36,71768122000,1634191091,11,62417021,48,1826840,1640,50000,88050,5000,1502685,9.0,1.0,1.0
739,2017-01-28,7,22,29,33,34,35,30,77999661000,4744122282,4,70283294,45,1628604,1942,50000,101983,5000,1719739,4.0,0.0,0.0
740,2017-02-04,4,8,9,16,17,19,31,75186520000,936929792,18,65367195,43,1148668,2447,50000,115722,5000,1864169,12.0,1.0,5.0
741,2017-02-11,5,21,27,34,44,45,16,74392585000,3043595938,6,55338108,55,1664077,1829,50000,95007,5000,1619435,5.0,0.0,1.0
742,2017-02-18,8,10,13,36,37,40,6,73857792000,1111814813,16,67382716,44,1492870,1986,50000,98348,5000,1658556,11.0,1.0,4.0
743,2017-02-25,15,19,21,34,41,44,10,73436852000,2608641000,7,66161185,46,1535527,1982,50000,91886,5000,1555362,5.0,0.0,2.0
744,2017-03-04,10,15,18,21,34,41,43,73507293000,1155411575,15,47352934,61,1039414,2779,50000,109229,5000,1636793,8.0,0.0,7.0
745,2017-03-11,1,2,3,9,12,23,10,73575119000,746822982,20,22631000,110,674272,3692,50000,141918,5000,1955276,7.0,2.0,11.0
746,2017-03-18,3,12,33,36,42,45,25,74239579000,2038623709,9,52723027,58,1606059,1904,50000,94197,5000,1589291,8.0,1.0,0.0
747,2017-03-25,7,9,12,14,23,28,17,73337880000,1903214584,9,48386812,59,1287696,2217,50000,105307,5000,1713003,3.0,0.0,6.0
748,2017-04-01,3,10,13,22,31,32,29,72750277000,1928246542,9,49023218,59,1493222,1937,50000,99448,5000,1652756,7.0,0.0,2.0
749,2017-04-08,12,14,24,26,34,45,41,72252889000,1350104395,13,45706660,64,1473666,1985,50000,95573,5000,1589197,8.0,1.0,4.0
750,2017-04-15,1,2,15,19,24,36,12,72248100000,2522104286,7,66873978,44,1653994,1779,50000,93135,5000,1585532,5.0,1.0,1.0
751,2017-04-22,3,4,16,20,28,44,17,71534233000,2097968110,8,40540447,69,1265743,2210,50000,102632,5000,1651438,4.0,2.0,2.0
752,2017-04-29,4,16,20,33,40,43,7,71600822000,1870358834,9,37407177,75,1377966,2036,50000,102477,5000,1646451,6.0,0.0,3.0
753,2017-05-06,2,17,19,24,37,41,3,68915001000,2711105063,6,46743191,58,1401813,1934,50000,97566,5000,1578072,2.0,0.0,4.0
754,2017-05-13,2,8,17,24,29,31,32,70765850000,3427542000,5,57125700,50,1538947,1856,50000,93279,5000,1573739,5.0,0.0,0.0
755,2017-05-20,13,14,26,28,30,36,37,71300635000,2214427266,8,54677217,54,1600309,1845,50000,89745,5000,1508502,6.0,0.0,2.0
756,2017-05-27,10,14,16,18,27,28,4,70992946000,3414434700,5,53686081,53,1524846,1866,50000,94800,5000,1598715,5.0,0.0,0.0
757,2017-06-03,6,7,11,17,33,44,1,71053002000,739839858,21,38079993,68,974573,2657,50000,117353,5000,1788667,11.0,1.0,9.0
758,2017-06-10,5,9,12,30,39,43,24,71764259000,2078969954,8,43999365,63,1277401,2170,50000,106121,5000,1680080,2.0,2.0,4.0
759,2017-06-17,9,33,36,40,42,43,32,72632208000,3032670500,6,68924330,44,1722130,1761,50000,88543,5000,1525518,4.0,0.0,2.0
760,2017-06-24,10,22,27,31,42,43,12,72200797000,2253299391,8,66764427,45,1717782,1749,50000,89221,5000,1520831,6.0,0.0,2.0
761,2017-07-01,4,7,11,24,42,45,30,71415903000,2392730518,7,53683057,52,1305058,2139,50000,101503,5000,1660130,4.0,0.0,3.0
762,2017-07-08,1,3,12,21,26,41,16,70558895000,1631432063,10,51302896,53,1330261,2044,50000,103406,5000,1671344,4.0,0.0,6.0
763,2017-07-15,3,8,16,32,34,43,10,70652100000,2138130000,8,63352000,45,1412006,2019,50000,94176,5000,1562106,4.0,0.0,4.0
764,2017-07-22,7,22,24,31,34,36,15,70318932000,2459975465,7,65226623,44,1504178,1908,50000,90896,5000,1530979,6.0,0.0,1.0
765,2017-07-29,1,3,8,12,42,43,33,70972360000,1109214250,15,51352512,54,1307419,2121,50000,101653,5000,1643849,5.0,0.0,10.0
766,2017-08-05,9,30,34,35,39,41,21,69500769000,2173637297,8,70687392,41,1671386,1734,50000,85422,5000,1458764,6.0,1.0,1.0
767,2017-08-12,5,15,20,31,34,42,22,71285599000,1163768725,15,63248301,46,1527256,1905,50000,92437,5000,1549115,8.0,0.0,7.0
768,2017-08-19,7,27,29,30,38,44,4,72306975000,1363572260,13,55743521,53,1597841,1849,50000,93126,5000,1572387,12.0,0.0,1.0
769,2017-08-26,5,7,11,16,41,45,4,72873431000,1930760042,9,52657093,55,1476117,1962,50000,99272,5000,1660799,6.0,0.0,3.0
770,2017-09-02,1,9,12,23,39,43,34,74166379000,2163099329,8,38455100,75,1252882,2302,50000,108450,5000,1717526,5.0,0.0,3.0
771,2017-09-09,6,10,17,18,21,29,30,73545939000,4362644907,4,59355714,49,1415984,2054,50000,102013,5000,1680976,3.0,0.0,1.0
772,2017-09-16,5,6,11,14,21,41,32,74375369000,1769608838,10,55648077,53,1455032,2027,50000,103023,5000,1688350,4.0,0.0,6.0
773,2017-09-23,8,12,19,21,31,35,44,74560597000,1609403080,11,50871937,58,1409061,2094,50000,104474,5000,1690404,4.0,0.0,7.0
774,2017-09-30,12,15,18,28,34,42,9,77347021000,1709721512,11,52241491,60,1602500,1956,50000,101524,5000,1704279,10.0,1.0,0.0
775,2017-10-07,11,12,29,33,38,42,17,70795452000,3470437650,5,78163011,37,1682392,1719,50000,91297,5000,1539325,5.0,0.0,0.0
776,2017-10-14,8,9,18,21,28,40,20,74826082000,2557579393,7,59676853,50,1491176,2001,50000,102081,5000,1687650,4.0,1.0,2.0
777,2017-10-21,6,12,17,21,34,37,18,75534360000,833468036,21,44199063,66,1208926,2413,50000,111938,5000,1766635,10.0,0.0,11.0
778,2017-10-28,6,21,35,36,37,41,11,75075606000,6264069500,3,46746788,67,1809379,1731,50000,92126,5000,1575045,3.0,0.0,0.0
779,2017-11-04,6,12,19,24,34,41,4,73773676000,1527709296,11,42436370,66,1118978,2503,50000,114464,5000,1751447,5.0,1.0,5.0
780,2017-11-11,15,17,19,21,27,45,16,74232084000,1667520137,11,67936006,45,1818632,1681,50000,92630,5000,1605516,10.0,0.0,1.0
781,2017-11-18,11,16,18,19,24,39,43,72483157000,1882891542,9,54314180,52,1435861,1967,50000,102959,5000,1699786,7.0,0.0,2.0
782,2017-11-25,6,18,31,34,38,45,20,72253973000,1946487625,9,59586356,49,1426347,2047,50000,96821,5000,1585617,8.0,0.0,1.0
783,2017-12-02,14,15,16,17,38,45,36,73525256000,4603964625,4,85258605,36,1642221,1869,50000,90899,5000,1532640,3.0,0.0,1.0
784,2017-12-09,3,10,23,24,31,39,22,74311382000,1908678000,9,56137589,51,1268506,2257,50000,115089,5000,1699421,5.0,0.0,4.0
785,2017-12-16,4,6,15,25,26,33,40,72974563000,2886622688,6,52484049,55,1463805,1972,50000,100062,5000,1678240,6.0,0.0,0.0
786,2017-12-23,12,15,16,20,24,30,38,75930156000,4551365250,4,31606704,96,1470080,2064,50000,103000,5000,1708226,2.0,2.0,0.0
787,2017-12-30,5,6,13,16,27,28,9,79593923000,3092108313,6,60629575,51,1321979,2339,50000,114842,5000,1863599,3.0,0.0,3.0
788,2018-01-06,2,10,11,19,35,39,29,78121882000,1401475154,13,43378993,70,1345384,2257,50000,112504,5000,1828701,7.0,0.0,6.0
789,2018-01-13,2,6,7,12,19,45,38,76136603000,1140976825,15,40749173,70,1170473,2437,50000,118089,5000,1868863,8.0,1.0,6.0
790,2018-01-20,3,8,19,27,30,41,12,78978881000,1160516274,16,52452713,59,1280394,2417,50000,113336,5000,1812992,4.0,1.0,11.0
791,2018-01-27,2,10,12,31,33,42,32,74205844000,1253081893,14,76943625,38,1213219,2410,50000,102931,5000,1713102,5.0,0.0,9.0
792,2018-02-03,2,7,19,25,29,36,16,76339003000,2655736768,7,47667071,65,1582411,1958,50000,99185,5000,1684675,6.0,0.0,1.0
793,2018-02-10,10,15,21,35,38,43,31,76177477000,3750146775,5,51231514,61,1529674,2043,50000,98216,5000,1635392,5.0,0.0,0.0
794,2018-02-17,6,7,18,19,30,38,13,79941579000,2650940304,7,68728082,45,1186331,2607,50000,116809,5000,1877646,6.0,0.0,1.0
795,2018-02-24,3,10,13,26,34,38,36,79661342000,1714977000,11,50711686,62,1297617,2423,50000,111043,5000,1825105,6.0,0.0,5.0
796,2018-03-03,1,21,26,36,40,41,5,77685943000,2763490340,7,70088524,46,1678331,1921,50000,96701,5000,1643069,7.0,0.0,0.0
797,2018-03-10,5,22,31,32,39,45,36,77339940000,2397028125,8,94001103,34,1710941,1868,50000,97900,5000,1641334,8.0,0.0,0.0
798,2018-03-17,2,10,14,22,32,36,41,77038759000,2710791911,7,52709843,60,1488979,2124,50000,98988,5000,1653851,3.0,0.0,4.0
799,2018-03-24,12,17,23,34,42,45,33,76708986000,1826427225,10,54357954,56,1357737,2242,50000,107519,5000,1725236,6.0,0.0,4.0
800,2018-03-31,1,4,10,12,28,45,26,76994062000,1632246205,11,58675518,51,1373315,2179,50000,110956,5000,1801924,7.0,1.0,3.0
801,2018-04-07,17,25,28,37,43,44,2,74034792000,2256786657,8,59000959,51,1505278,1999,50000,97006,5000,1618941,6.0,1.0,1.0
802,2018-04-14,10,11,12,18,24,42,27,75146781000,1082947993,16,43102408,67,1308501,2207,50000,107980,5000,1814300,5.0,0.0,11.0
803,2018-04-21,5,9,14,26,30,43,2,75670793000,3663810225,5,61063504,50,1458059,2094,50000,102413,5000,1657869,4.0,0.0,1.0
804,2018-04-28,1,10,13,26,32,36,9,74557028000,1631996523,11,61061095,49,1460935,2048,50000,100907,5000,1659443,5.0,1.0,5.0
805,2018-05-05,3,12,13,18,31,32,42,73065981000,4266061969,4,53661157,53,1370623,2075,50000,105602,5000,1700112,3.0,1.0,0.0
806,2018-05-12,14,20,23,31,37,38,27,74030583000,2640760875,7,54050662,57,1665345,1850,50000,91180,5000,1561838,5.0,1.0,1.0
807,2018-05-19,6,10,18,25,34,35,33,73831580000,2437662322,7,48202363,59,1226365,2319,50000,108300,5000,1749855,2.0,0.0,5.0
808,2018-05-26,15,21,31,32,41,43,24,74911438000,3087620500,6,67122185,46,1573711,1962,50000,95319,5000,1597761,4.0,0.0,2.0
809,2018-06-02,6,11,15,17,23,40,39,74214104000,2921372750,6,52167371,56,1340695,2179,50000,104350,5000,1703714,6.0,0.0,0.0
810,2018-06-09,5,10,13,21,39,43,11,74388355000,2231598047,8,46491626,64,1449325,2053,50000,100608,5000,1672013,6.0,0.0,2.0
811,2018-06-16,8,11,19,21,36,45,25,74570813000,2524148197,7,60098767,49,1369057,2151,50000,104155,5000,1703788,4.0,1.0,2.0
812,2018-06-23,1,3,12,14,16,43,10,74147816000,2947954750,6,43352276,68,1491880,1976,50000,100498,5000,1693074,3.0,1.0,2.0
813,2018-06-30,11,30,34,35,42,44,27,73394947000,4591763157,4,71190127,43,1700654,1800,50000,89323,5000,1548384,4.0,0.0,0.0
814,2018-07-07,2,21,28,38,42,45,30,74316543000,3067192063,6,58984463,52,1673319,1833,50000,93837,5000,1585777,3.0,0.0,3.0
815,2018-07-14,17,21,25,26,27,36,4,73416400000,2579855358,7,77175161,39,1767371,1703,50000,92977,5000,1596140,5.0,2.0,0.0
816,2018-07-21,12,18,19,29,31,39,7,72397826000,2128107938,8,42350407,67,1374747,2064,50000,102402,5000,1675799,6.0,0.0,2.0
817,2018-07-28,3,9,12,13,25,43,34,72552766000,1868477334,9,51902149,54,1355279,2068,50000,105276,5000,1718171,2.0,1.0,6.0
818,2018-08-04,14,15,25,28,29,30,3,71793353000,1380804318,13,76711351,39,1621541,1845,50000,90205,5000,1490497,8.0,1.0,4.0
819,2018-08-11,16,25,33,38,40,45,15,74578907000,2594534840,7,61774640,49,1527995,1981,50000,97667,5000,1638089,4.0,0.0,3.0
820,2018-08-18,10,21,22,30,35,42,6,75744571000,4627313532,4,51414595,60,1552530,1987,50000,99433,5000,1644326,3.0,0.0,1.0
821,2018-08-25,1,12,13,24,29,44,16,76118239000,1316155956,14,55836920,55,1462396,2100,50000,101082,5000,1687355,8.0,0.0,6.0
822,2018-09-01,9,18,20,24,27,36,12,75681739000,5930898625,3,37537334,79,1377357,2153,50000,108789,5000,1735565,1.0,1.0,1.0
823,2018-09-08,12,18,24,26,39,40,15,77400124000,2009843917,9,49422392,61,1283972,2348,50000,112065,5000,1795737,8.0,0.0,1.0
824,2018-09-15,7,9,24,29,34,38,26,78257422000,1256646550,15,61600322,51,1491746,2106,50000,105359,5000,1745566,13.0,1.0,1.0
825,2018-09-22,8,15,21,31,33,38,42,82890578000,1658710563,12,62592852,53,1475065,2249,50000,113070,5000,1850484,6.0,1.0,5.0
826,2018-09-29,13,16,24,25,33,36,42,78218740000,2075192084,9,66229535,47,1394619,2232,50000,108626,5000,1755153,6.0,1.0,2.0
827,2018-10-06,5,11,12,29,33,44,14,76490125000,1206500375,15,65570673,46,1427474,2113,50000,106164,5000,1761371,8.0,0.0,7.0
828,2018-10-13,4,7,13,29,31,39,18,77552827000,1455185972,13,50853274,62,1602085,1968,50000,100644,5000,1704198,9.0,1.0,3.0
829,2018-10-20,4,5,31,35,43,45,29,77998807000,2444650641,8,72434094,45,1774379,1837,50000,94679,5000,1637836,5.0,1.0,2.0
830,2018-10-27,5,6,16,18,37,38,17,77714000000,2060528750,9,38634915,80,1442948,2142,50000,106206,5000,1764071,6.0,0.0,3.0
831,2018-11-03,3,10,16,19,31,39,9,77622753000,1110702258,16,48555290,61,1113486,2660,50000,117332,5000,1849959,7.0,2.0,7.0
832,2018-11-10,13,14,19,26,40,43,30,77411900000,2088204584,9,52205115,60,1465750,2137,50000,102312,5000,1706379,5.0,0.0,4.0
833,2018-11-17,12,18,30,39,41,42,19,77738402000,2356317282,8,59278423,53,1615299,1945,50000,103152,5000,1715510,7.0,0.0,1.0
834,2018-11-24,6,8,18,35,42,43,3,75941791000,1690693671,11,65949044,47,1575804,1967,50000,99132,5000,1643491,7.0,0.0,4.0
835,2018-12-01,9,10,13,28,38,45,35,77694435000,1233681125,15,53175911,58,1337469,2306,50000,106763,5000,1767089,10.0,0.0,5.0
836,2018-12-08,1,9,11,14,26,28,19,74536697000,1257843670,14,47338203,62,1316130,2230,50000,103846,5000,1719260,10.0,1.0,3.0
837,2018-12-15,2,25,28,30,33,45,6,76614176000,3144449125,6,66903173,47,1562848,2012,50000,97334,5000,1656959,3.0,1.0,2.0
838,2018-12-22,9,14,17,33,36,38,20,79414484000,3813733050,5,46736925,68,1431582,2220,50000,107897,5000,1777501,3.0,0.0,2.0
839,2018-12-29,3,9,11,12,13,19,35,79219710000,1359454904,13,61364284,48,1105663,2664,50000,126227,5000,1946924,7.0,2.0,4.0
840,2019-01-05,2,4,11,28,29,43,27,84057771000,2042961788,10,66763458,51,1496676,2275,50000,110586,5000,1852019,7.0,1.0,2.0
841,2019-01-12,5,11,14,30,33,38,24,81580789000,1116095714,17,35934900,88,1269989,2490,50000,119648,5000,1901965,9.0,0.0,8.0
842,2019-01-19,14,26,32,36,39,42,38,81957444000,2035475025,10,80772819,42,1663786,2039,50000,103190,5000,1735911,10.0,0.0,0.0
843,2019-01-26,19,21,30,33,34,42,4,81857498000,4012970100,5,64310419,52,1670401,2002,50000,105717,5000,1777953,4.0,0.0,1.0
844,2019-02-02,7,8,13,15,33,45,18,87805610000,1162963542,18,47793023,73,1450080,2406,50000,120078,5000,1997556,13.0,2.0,3.0
845,2019-02-09,1,16,29,33,40,45,6,83884034000,1891217182,11,61914849,56,1701292,2038,50000,105790,5000,1782933,9.0,0.0,2.0
846,2019-02-16,5,18,30,41,43,45,13,83936839000,1596884395,13,50143713,69,1732557,1997,50000,106009,5000,1797728,8.0,1.0,4.0
847,2019-02-23,12,16,26,28,30,42,22,83782512000,2520846657,8,84028222,40,1375821,2443,50000,114324,5000,1857205,7.0,0.0,1.0
848,2019-03-02,1,2,16,22,38,39,34,84523266000,3011580858,7,83655024,42,1665961,2109,50000,103845,5000,1792259,6.0,0.0,1.0
849,2019-03-09,5,13,17,29,34,39,3,82333674000,1158252883,17,58602081,56,1223608,2682,50000,113125,5000,1851371,10.0,0.0,7.0
850,2019-03-16,16,20,24,28,36,39,5,81474176000,3377587875,6,61410689,55,1669594,2023,50000,101591,5000,1727367,5.0,0.0,1.0
851,2019-03-23,14,18,22,26,31,44,40,81099116000,2483692313,8,47308425,70,1576197,2101,50000,106132,5000,1750048,6.0,0.0,2.0
852,2019-03-30,11,17,28,30,33,35,9,81470793000,4801543407,4,47776552,67,1375013,2328,50000,114850,5000,1876933,3.0,0.0,1.0
853,2019-04-06,2,8,23,26,27,44,13,82244370000,2885006786,7,37398237,90,1667910,2018,50000,105158,5000,1787511,3.0,1.0,3.0
854,2019-04-13,20,25,31,32,36,43,3,81823338000,3421706750,6,77766063,44,1834696,1865,50000,99152,5000,1716083,3.0,1.0,2.0
855,2019-04-20,8,15,17,19,43,44,7,82374732000,2269510500,9,55807636,61,1683614,2022,50000,102532,5000,1765328,7.0,0.0,2.0
856,2019-04-27,10,24,40,41,43,44,17,80496424000,3977927550,5,62546031,53,1700842,1949,50000,104537,5000,1700369,3.0,1.0,1.0
857,2019-05-04,6,10,16,28,34,38,43,80933117000,1284915425,15,51811106,62,1357114,2367,50000,111971,5000,1833940,6.0,1.0,8.0
858,2019-05-11,9,13,32,38,39,43,23,81366889000,2202347459,9,80573688,41,1592059,2075,50000,106176,5000,1789295,8.0,0.0,1.0
859,2019-05-18,8,22,35,38,39,41,24,80944223000,1853927489,11,66644453,51,1793598,1895,50000,97729,5000,1678945,9.0,1.0,1.0
860,2019-05-25,4,8,18,25,27,32,42,81846672000,1879899825,10,50534942,62,1339533,2339,50000,128867,5000,1882931,6.0,1.0,3.0
861,2019-06-01,11,17,19,21,22,25,24,81032551000,4872108844,4,49970348,65,1439749,2256,50000,108644,5000,1819899,3.0,0.0,1.0
862,2019-06-08,10,34,38,40,42,43,32,80609005000,2190922709,9,52164827,63,1609395,2042,50000,104765,5000,1755036,7.0,0.0,2.0
863,2019-06-15,16,21,28,35,39,43,12,81288540000,2853357322,7,52014327,64,1630224,2042,50000,104949,5000,1753097,6.0,0.0,1.0
864,2019-06-22,3,7,10,13,25,36,32,82220290000,1716553637,11,49172110,64,1275645,2467,50000,122913,5000,1957675,7.0,2.0,2.0
865,2019-06-29,3,15,22,32,33,45,2,81748217000,1551729145,13,64655382,52,1619499,2076,50000,104626,5000,1749234,6.0,0.0,7.0
866,2019-07-06,9,15,29,34,37,39,12,81961886000,2240409000,9,49420787,68,1651408,2035,50000,104919,5000,1770017,4.0,2.0,3.0
867,2019-07-13,14,17,19,22,24,40,41,81607190000,3933755250,5,57511042,57,1507186,2175,50000,109516,5000,1820552,4.0,0.0,1.0
868,2019-07-20,12,17,28,41,43,44,25,80549078000,3233804250,6,53013185,61,1502698,2152,50000,109133,5000,1789491,3.0,0.0,3.0
869,2019-07-27,2,6,20,27,37,39,4,80268389000,1922582588,10,57219720,56,1449912,2210,50000,108562,5000,1814332,8.0,0.0,2.0
870,2019-08-03,21,25,30,32,40,42,31,78688663000,1928842988,10,66973715,48,1581279,2033,50000,102000,5000,1705285,6.0,0.0,4.0
871,2019-08-10,2,6,12,26,30,34,38,79527502000,2718071358,7,51984972,61,1421374,2231,50000,108666,5000,1792357,6.0,0.0,1.0
872,2019-08-17,2,4,30,32,33,43,29,81002518000,1262705579,16,73200324,46,1668591,2018,50000,99681,5000,1715898,11.0,1.0,4.0
873,2019-08-24,3,5,12,13,33,39,38,82375586000,1874553225,10,45944932,68,1315476,2375,50000,123684,5000,2001910,5.0,0.0,5.0
874,2019-08-31,1,15,19,23,28,42,32,82990138000,1117123917,18,49284879,68,1496149,2240,50000,110655,5000,1830269,10.0,0.0,8.0
875,2019-09-07,19,22,30,34,39,44,36,80635281000,1415946724,14,100117446,33,1450341,2278,50000,105071,5000,1726617,13.0,0.0,1.0
876,2019-09-14,5,16,21,26,34,42,24,85088368000,1090657856,19,58538134,59,1423054,2427,50000,112619,5000,1856647,13.0,1.0,5.0
877,2019-09-21,5,17,18,22,23,43,12,84584730000,1716607188,12,45776192,75,1584317,2167,50000,109806,5000,1867270,8.0,0.0,4.0
878,2019-09-28,2,6,11,16,25,31,3,84183676000,3207993500,6,46492660,69,1079769,2971,50000,129139,5000,1994188,5.0,0.0,1.0
879,2019-10-05,1,4,10,14,15,35,20,83174251000,3206361313,6,41641057,77,1236069,2594,50000,123497,5000,1952277,4.0,0.0,2.0
880,2019-10-12,7,17,19,23,24,45,38,83862502000,2837810465,7,63668825,52,1419717,2332,50000,114994,5000,1939064,5.0,0.0,2.0
881,2019-10-19,4,18,20,26,27,32,9,84495552000,2503212282,8,49815170,67,1524722,2189,50000,116952,5000,1939849,6.0,1.0,1.0
882,2019-10-26,18,34,39,43,44,45,23,84351602000,4127270400,5,78168000,44,1651966,2082,50000,109226,5000,1839873,5.0,0.0,0.0
883,2019-11-02,9,18,32,33,37,44,22,85624171000,1360519525,15,52327675,65,1340150,2538,50000,119613,5000,1924209,14.0,0.0,1.0
884,2019-11-09,4,14,23,28,37,45,17,86554613000,1799077282,12,48623711,74,1630338,2207,50000,108076,5000,1817654,10.0,0.0,2.0
885,2019-11-16,1,3,24,27,39,45,31,83396319000,1543832568,13,59731618,56,1467737,2279,50000,111832,5000,1869359,11.0,0.0,2.0
886,2019-11-23,19,23,28,37,42,45,2,84186094000,2974643786,7,58820640,59,1621691,2140,50000,109766,5000,1768281,6.0,0.0,1.0
887,2019-11-30,8,14,17,27,36,45,10,84416872000,2535268688,8,51217550,66,1415561,2388,50000,114719,5000,1885924,4.0,1.0,3.0
888,2019-12-07,3,7,12,31,34,38,32,82777313000,2370359204,8,53567440,59,1288414,2453,50000,123025,5000,1990715,5.0,0.0,3.0
889,2019-12-14,3,13,29,38,39,42,26,86734222000,2108986950,10,58582971,60,1503413,2338,50000,114198,5000,1907477,4.0,0.0,6.0
890,2019-12-21,1,4,14,18,29,37,6,86693498000,2335486167,9,60400505,58,1474424,2376,50000,114859,5000,1915593,9.0,0.0,0.0
891,2019-12-28,9,13,28,31,39,41,19,89742677000,3082673947,7,46707182,77,1472147,2443,50000,122132,5000,1998623,3.0,1.0,3.0
892,2020-01-04,4,9,17,18,26,42,36,93091115000,1282017464,17,46569011,78,1340858,2709,50000,134155,5000,2155749,8.0,0.0,9.0
893,2020-01-11,1,15,17,23,25,41,10,87661567000,2377433625,9,61485353,58,1687720,2113,50000,116062,5000,1899696,8.0,0.0,1.0
894,2020-01-18,19,32,37,40,41,43,45,88465183000,2377935959,9,63694714,56,1530204,2331,50000,116749,5000,1971982,9.0,0.0,0.0
895,2020-01-25,16,26,31,38,39,41,23,96962255000,1928079219,12,66485491,58,1402240,2750,50000,134059,5000,2185782,10.0,0.0,2.0
896,2020-02-01,5,12,25,26,38,45,23,90461998000,3053222036,7,77436791,46,1377453,2586,50000,128068,5000,2066172,5.0,0.0,2.0
897,2020-02-08,6,7,12,22,26,36,29,88231474000,1619922520,13,56610196,62,1463650,2398,50000,121076,5000,1996656,6.0,0.0,7.0
898,2020-02-15,18,21,28,35,37,42,17,90067839000,2639313235,8,62840792,56,1086138,3240,50000,137051,5000,2005739,4.0,1.0,3.0
899,2020-02-22,8,19,20,21,33,39,37,85877347000,3359356063,6,63384077,53,1398567,2402,50000,121900,5000,1993765,4.0,0.0,2.0
900,2020-02-29,7,13,16,18,35,38,14,83639372000,3349851375,6,65683361,51,1404550,2385,50000,113132,5000,1872855,5.0,0.0,1.0
901,2020-03-07,5,18,20,23,30,34,21,84783962000,2267974667,9,50775553,67,1473987,2308,50000,114451,5000,1890747,3.0,4.0,2.0
902,2020-03-14,7,19,23,24,36,39,30,87501981000,1619317529,13,52365990,67,1479141,2372,50000,119126,5000,1945304,8.0,0.0,5.0
903,2020-03-21,2,15,16,21,22,28,45,88625160000,1684582212,13,74488330,49,1575963,2316,50000,111981,5000,1902821,10.0,1.0,2.0
904,2020-03-28,2,6,8,26,43,45,11,88938220000,2718077813,8,39392433,92,1550751,2337,50000,115626,5000,1938996,6.0,0.0,2.0
905,2020-04-04,3,4,16,27,38,40,20,90357634000,3017862536,7,45725190,77,1332138,2643,50000,129133,5000,2111090,4.0,0.0,3.0
906,2020-04-11,2,5,14,28,31,32,20,90948274000,2472607250,9,58871602,63,1565602,2369,50000,117171,5000,1988860,9.0,0.0,0.0
907,2020-04-18,21,27,29,38,40,44,37,89331282000,3165059036,7,55112969,67,1605465,2300,50000,112189,5000,1903128,6.0,0.0,1.0
908,2020-04-25,3,16,21,22,23,44,30,89923601000,2834856141,8,66312425,57,1749102,2161,50000,108610,5000,1858567,6.0,0.0,2.0
909,2020-05-02,7,24,29,30,34,35,33,89543261000,2021062875,11,58814000,63,1599863,2316,50000,111558,5000,1910295,4.0,0.0,7.0
910,2020-05-09,1,11,17,27,35,39,31,86308857000,941316375,21,45758435,72,1222943,2694,50000,128516,5000,2074354,9.0,0.0,12.0
911,2020-05-16,4,5,12,14,32,42,35,89332410000,2113538625,10,60733869,58,1370115,2571,50000,123236,5000,2064778,4.0,1.0,5.0
912,2020-05-23,5,8,18,21,22,38,10,88599155000,1493500581,14,49783353,70,1368212,2547,50000,125332,5000,2030860,7.0,2.0,5.0
913,2020-05-30,6,14,16,21,27,37,40,89336949000,1338755602,16,54091136,66,1447108,2467,50000,122530,5000,1996371,14.0,0.0,2.0
914,2020-06-06,16,19,24,33,42,44,27,89558503000,1950005557,11,65000186,55,1382983,2585,50000,122904,5000,2006794,7.0,0.0,4.0
915,2020-06-13,2,6,11,13,22,37,14,87862418000,3518640500,6,55851437,63,1444434,2436,50000,119025,5000,1966167,4.0,0.0,2.0
916,2020-06-20,6,21,22,32,35,36,17,89133044000,2025384341,11,53045781,70,1700186,2184,50000,111426,5000,1857917,5.0,1.0,5.0
917,2020-06-27,1,3,23,24,27,43,34,88950867000,2144799638,10,76056725,47,1581711,2260,50000,117542,5000,2000201,8.0,0.0,2.0
918,2020-07-04,7,11,12,31,33,38,5,89200857000,1117622646,18,38986837,86,1233580,2718,50000,137216,5000,2183337,10.0,0.0,8.0
919,2020-07-11,9,14,17,18,42,44,35,90218056000,4305150450,5,64064739,56,1411896,2541,50000,122864,5000,2052965,3.0,1.0,1.0
920,2020-07-18,2,3,26,33,34,43,29,89805177000,3120260197,7,68684973,53,1550385,2348,50000,117181,5000,1984222,4.0,0.0,3.0
921,2020-07-25,5,7,12,22,28,41,1,89888341000,1232573405,17,48504047,72,1302123,2682,50000,129993,5000,2101238,16.0,0.0,1.0
922,2020-08-01,2,6,13,17,27,43,36,89266682000,3417904500,6,38403422,89,1188423,2876,50000,136052,5000,2097501,3.0,0.0,3.0
923,2020-08-08,3,17,18,23,36,41,26,87867402000,2667554625,8,63513206,56,1496945,2376,50000,115877,5000,1937187,6.0,0.0,2.0
924,2020-08-15,3,11,34,42,43,44,13,87708256000,2382430667,9,51791972,69,1625863,2198,50000,113214,5000,1920852,8.0,0.0,1.0
925,2020-08-22,13,24,32,34,39,42,4,87901067000,1771080532,12,52090604,68,1516986,2335,50000,117863,5000,1944019,8.0,1.0,3.0
926,2020-08-29,10,16,18,20,25,31,6,88372251000,2032490663,10,47048395,72,1158907,2923,50000,133167,5000,2085580,7.0,0.0,3.0
927,2020-09-05,4,15,22,38,41,43,26,91067752000,3714203875,6,58955618,63,1593396,2331,50000,118446,5000,1979589,4.0,1.0,1.0
928,2020-09-12,3,4,10,20,28,44,30,90818982000,3134591358,7,45148436,81,1385761,2639,50000,121873,5000,2011931,3.0,1.0,3.0
929,2020-09-19,7,9,12,15,19,23,4,92344620000,1308035157,16,38330701,91,1151947,3028,50000,140880,5000,2244712,9.0,1.0,6.0
930,2020-09-26,8,21,25,38,39,44,28,94518415000,2832418829,8,68664699,55,1360432,2776,50000,128480,5000,2124548,8.0,0.0,0.0
931,2020-10-03,14,15,23,25,35,43,32,95695802000,2957108063,8,73015014,54,1518803,2596,50000,121943,5000,2041653,8.0,0.0,0.0
932,2020-10-10,1,6,15,36,37,38,5,96049289000,3390022983,7,61797294,64,1634309,2420,50000,120969,5000,2067196,5.0,0.0,2.0
933,2020-10-17,23,27,29,31,36,45,37,93484851000,2927797079,8,61963960,63,1762407,2215,50000,114043,5000,1962088,8.0,0.0,0.0
934,2020-10-24,1,3,30,33,36,39,12,93028347000,5765772844,4,58240130,66,1629440,2359,50000,116726,5000,1985417,3.0,0.0,1.0
935,2020-10-31,4,10,20,32,38,44,18,93934898000,1711055424,13,30894057,120,1263992,2933,50000,134376,5000,2118071,5.0,0.0,8.0
936,2020-11-07,7,11,13,17,18,29,43,92246146000,1492069179,14,45214218,77,1215606,2864,50000,140160,5000,2252623,10.0,1.0,3.0
937,2020-11-14,2,10,13,22,29,40,26,93720454000,2058420819,11,66206518,57,1521683,2480,50000,124141,5000,2092601,9.0,0.0,2.0
938,2020-11-21,4,8,10,16,31,36,9,93452425000,2249466563,10,58579859,64,1481277,2531,50000,124971,5000,2096955,10.0,0.0,0.0
939,2020-11-28,4,11,28,39,42,45,6,93340002000,1708363039,13,55245571,67,1380110,2682,50000,128408,5000,2127595,6.0,0.0,7.0
940,2020-12-05,3,15,20,22,24,41,11,93920183000,2846071079,8,74407088,51,1629353,2329,50000,123292,5000,2087480,3.0,1.0,4.0
941,2020-12-12,12,14,25,27,39,40,35,94867600000,1347297422,16,41296473,87,1097037,3275,50000,145544,5000,2282851,7.0,1.0,8.0
942,2020-12-19,10,12,18,35,42,43,39,92731965000,3761680313,6,72340007,52,1521101,2473,50000,120907,5000,2045438,4.0,0.0,2.0
943,2020-12-26,1,8,13,36,44,45,39,100081432000,3435045108,7,54156117,74,1472283,2722,50000,135763,5000,2238429,4.0,0.0,3.0
944,2021-01-02,2,13,16,19,32,33,42,107181377000,1961836356,13,53805639,79,1390464,3057,50000,147665,5000,2440455,7.0,0.0,6.0
945,2021-01-09,9,10,15,30,33,37,26,94837109000,1765554491,13,53878424,71,1536293,2490,50000,124224,5000,2120882,10.0,0.0,3.0
946,2021-01-16,9,18,19,30,34,40,20,99380178000,2157656182,11,55714127,71,1341371,2949,50000,138433,5000,2224563,6.0,0.0,5.0
947,2021-01-23,3,8,17,20,27,35,26,99449916000,1275855750,18,65992539,58,1202881,3182,50000,146908,5000,2351804,14.0,2.0,2.0
948,2021-01-30,13,18,30,31,38,41,5,100519459000,2188548716,11,44581548,90,1381184,2905,50000,137929,5000,2252913,3.0,1.0,7.0
949,2021-02-06,14,21,35,36,40,44,30,100518909000,2458569713,10,63040250,65,1579652,2594,50000,130363,5000,2192075,9.0,1.0,0.0
950,2021-02-13,3,4,15,22,28,40,10,108870714000,3281920500,8,65311851,67,1516249,2886,50000,146270,5000,2422941,4.0,1.0,3.0
951,2021-02-20,2,12,30,31,39,43,38,102937006000,1747552661,14,56633652,72,1402692,2907,50000,142335,5000,2346154,8.0,1.0,5.0
952,2021-02-27,4,12,22,24,33,41,38,102355646000,2713699834,9,43769353,93,1339438,3039,50000,141776,5000,2304925,4.0,0.0,5.0
953,2021-03-06,7,9,22,27,37,42,34,99180891000,1640636009,14,37530890,102,1169616,3273,50000,146120,5000,2331848,9.0,0.0,5.0
954,2021-03-13,1,9,26,28,30,41,32,101455314000,2478795900,10,64551977,64,1554884,2657,50000,132057,5000,2214839,8.0,0.0,2.0
955,2021-03-20,4,9,23,26,29,33,8,99784736000,2023170188,12,56990710,71,1526921,2650,50000,130744,5000,2196889,9.0,1.0,2.0
956,2021-03-27,10,11,20,21,25,41,40,97065255000,2022982671,11,27270600,136,1214806,3053,50000,144650,5000,2325943,4.0,1.0,6.0
957,2021-04-03,4,15,24,35,36,40,1,96654698000,2126634137,11,63915234,61,1375249,2835,50000,129545,5000,2131893,7.0,0.0,4.0
958,2021-04-10,2,9,10,16,35,37,1,98635947000,1596119675,15,59556705,67,1615506,2470,50000,131097,5000,2168146,11.0,0.0,4.0
959,2021-04-17,1,14,15,24,40,41,35,97435835000,3015312891,8,53605563,75,1606882,2502,50000,123802,5000,2072896,7.0,0.0,1.0
960,2021-04-24,2,18,24,30,32,45,14,98784879000,2401133213,10,71462298,56,1557762,2569,50000,129546,5000,2180006,9.0,1.0,0.0
961,2021-05-01,11,20,29,31,33,42,43,97153309000,2575231209,9,52915710,73,1422256,2716,50000,133764,5000,2197136,5.0,0.0,4.0
962,2021-05-08,1,18,28,31,34,43,40,95956365000,1940906094,12,53175510,73,1503996,2581,50000,126528,5000,2119457,8.0,0.0,4.0
963,2021-05-15,6,12,19,23,34,42,35,95452215000,1476478125,15,54282285,68,1176665,3137,50000,141987,5000,2219439,8.0,0.0,7.0
964,2021-05-22,6,21,36,38,39,43,30,95549895000,2345861063,10,75187855,52,1597781,2447,50000,123780,5000,2061560,8.0,0.0,2.0
965,2021-05-29,2,13,25,28,29,36,34,96174650000,3403348929,7,86316821,46,1662024,2389,50000,122129,5000,2043257,5.0,1.0,1.0
966,2021-06-05,1,21,25,29,34,37,36,95640447000,2411303513,10,80376784,50,1708691,2352,50000,115370,5000,1980202,9.0,0.0,1.0
967,2021-06-12,1,6,13,37,38,40,9,94515565000,5809776094,4,56133103,69,1564923,2475,50000,121200,5000,2042462,2.0,0.0,2.0
968,2021-06-19,2,5,12,14,24,39,33,95924229000,1667729683,13,37251694,97,1159633,3116,50000,148150,5000,2329460,8.0,1.0,4.0
969,2021-06-26,3,9,10,29,40,45,7,96728751000,1149427894,20,68418328,56,1455157,2633,50000,133079,5000,2211803,13.0,1.0,6.0
970,2021-07-03,9,11,16,21,28,36,5,93268371000,1611544045,14,43221488,87,1516850,2479,50000,124923,5000,2061176,7.0,2.0,5.0
971,2021-07-10,2,6,17,18,21,26,7,94471924000,3725880250,6,60094843,62,1387665,2685,50000,131409,5000,2171694,4.0,1.0,1.0
972,2021-07-17,3,6,17,23,37,39,26,93916813000,1124886244,20,46870261,80,1458997,2570,50000,126989,5000,2122398,16.0,0.0,4.0
973,2021-07-24,22,26,31,37,41,42,24,93953872000,2912742750,8,92468024,42,1720717,2257,50000,117757,5000,2003966,8.0,0.0,0.0
974,2021-07-31,1,2,11,16,39,44,32,94146055000,1317034523,17,56539361,66,1415629,2636,50000,129473,5000,2149319,11.0,1.0,5.0
975,2021-08-07,7,8,9,17,22,24,5,94253719000,2440410375,9,60010092,61,1294419,2828,50000,135604,5000,2212347,7.0,0.0,2.0
976,2021-08-14,4,12,14,25,35,37,2,97492178000,3243867215,7,54847997,69,1226747,3085,50000,142375,5000,2270249,4.0,0.0,3.0
977,2021-08-21,2,9,10,14,22,44,16,95895844000,1669905911,14,47517648,82,1574959,2474,50000,125781,5000,2097459,8.0,0.0,6.0
978,2021-08-28,1,7,15,32,34,42,8,98855197000,2373391388,10,56509319,70,1399736,2826,50000,133915,5000,2217326,5.0,0.0,5.0
979,2021-09-04,7,11,16,21,27,33,24,99507886000,1606400518,14,47446429,79,1097911,3414,50000,154980,5000,2403760,8.0,2.0,4.0
980,2021-09-11,3,13,16,23,24,35,14,99593380000,3409443215,7,56824054,70,1411027,2819,50000,135751,5000,2237534,5.0,0.0,2.0
981,2021-09-18,27,36,37,41,43,45,32,105645424000,1992863193,13,66428774,65,1528991,2824,50000,136630,5000,2289650,8.0,1.0,4.0
982,2021-09-25,5,7,13,20,21,44,33,101344251000,3023630672,8,49771699,81,1375472,2931,50000,139208,5000,2291933,3.0,1.0,4.0
983,2021-10-02,13,23,26,31,35,43,15,101899006000,2503422225,10,53491928,78,1580444,2640,50000,131780,5000,2196308,9.0,0.0,1.0
984,2021-10-09,3,10,23,35,36,37,18,98762367000,3453006268,7,62945427,64,1551814,2596,50000,128129,5000,2149335,7.0,0.0,0.0
985,2021-10-16,17,21,23,30,34,44,19,98811446000,2434752975,10,65450349,62,1572229,2581,50000,126523,5000,2123240,8.0,0.0,2.0
986,2021-10-23,7,10,16,28,41,42,40,99041240000,2375275125,10,56554170,70,1417398,2793,50000,133889,5000,2231167,7.0,1.0,2.0
987,2021-10-30,2,4,15,23,29,38,7,100269530000,2378711625,10,54308485,73,1335755,2968,50000,140004,5000,2283682,5.0,1.0,4.0
988,2021-11-06,2,13,20,30,31,41,27,98606195000,2678489375,9,65864493,61,1508725,2663,50000,129322,5000,2139025,8.0,0.0,1.0
989,2021-11-13,17,18,21,27,29,33,26,96525658000,5826768563,4,61658927,63,1589408,2444,50000,127891,5000,2158436,4.0,0.0,0.0
990,2021-11-20,2,4,25,26,36,37,28,99567047000,1740095277,14,72503970,56,1420652,2858,50000,129113,5000,2169219,11.0,0.0,3.0
991,2021-11-27,13,18,25,31,33,44,38,98026282000,2904166032,8,35202013,110,1304218,2969,50000,138068,5000,2226394,5.0,0.0,3.0
992,2021-12-04,12,20,26,33,44,45,24,97066498000,1986955563,12,68515710,58,1674636,2373,50000,124311,5000,2105282,9.0,0.0,3.0
993,2021-12-11,6,14,16,18,24,42,44,99323653000,3991197063,6,57017101,70,1460907,2732,50000,132583,5000,2220620,4.0,1.0,1.0
994,2021-12-18,1,3,8,24,27,35,28,95530936000,1861582063,12,53188059,70,1328279,2803,50000,137937,5000,2216661,8.0,0.0,4.0
995,2021-12-25,1,4,13,29,38,39,7,100878455000,3447271875,7,58287206,69,1439964,2793,50000,138372,5000,2269218,7.0,0.0,0.0
996,2022-01-01,6,11,15,24,32,39,28,112624327000,1491185771,18,52018109,86,1350305,3313,50000,155856,5000,2546181,13.0,0.0,5.0
997,2022-01-08,4,7,14,16,24,44,20,102431961000,1253749560,19,46708317,85,1075354,3692,50000,155887,5000,2331995,12.0,1.0,6.0
998,2022-01-15,13,17,18,20,42,45,41,101681869000,2076499657,12,78358478,53,1568354,2648,50000,129576,5000,2227628,11.0,0.0,1.0
999,2022-01-22,1,3,9,14,18,28,34,102581351000,1513274790,16,60229843,67,1371186,2943,50000,143217,5000,2369326,11.0,0.0,5.0
1000,2022-01-29,2,8,19,22,32,42,39,118628811000,1246819620,22,41941945,109,1137798,4018,50000,180052,5000,2747686,7.0,1.0,14.0
1001,2022-02-05,6,10,12,14,20,42,15,103967487000,2077279594,12,62947867,66,1504730,2761,50000,140255,5000,2346904,10.0,0.0,2.0
1002,2022-02-12,17,25,33,35,38,45,15,105795484000,3088449563,8,48446268,85,1289676,3193,50000,155418,5000,2436676,5.0,0.0,3.0
1003,2022-02-19,1,4,29,39,43,45,31,103479378000,1811116822,14,64029383,66,1595297,2649,50000,133896,5000,2247475,8.0,0.0,6.0
1004,2022-02-26,7,15,30,37,39,44,18,106112471000,2576251913,10,63143430,68,1541743,2785,50000,140047,5000,2340772,9.0,0.0,1.0
1005,2022-03-05,8,13,18,24,27,29,17,103755249000,2061199344,12,49076175,84,1473338,2798,50000,143067,5000,2349017,7.0,1.0,4.0
1006,2022-03-12,8,11,15,16,17,37,36,104542431000,2855602125,9,65898511,65,1722318,2487,50000,131234,5000,2288458,7.0,0.0,2.0
1007,2022-03-19,8,11,16,19,21,25,40,101530003000,2718786375,9,58259709,70,1433960,2844,50000,137134,5000,2256573,6.0,1.0,2.0
1008,2022-03-26,9,11,30,31,41,44,33,103727042000,2267377910,11,42854222,97,1470935,2826,50000,141072,5000,2311009,8.0,0.0,3.0
1009,2022-04-02,15,23,29,34,40,44,20,103771363000,1702462825,15,61683436,69,1617081,2632,50000,133476,5000,2232525,10.0,0.0,5.0
1010,2022-04-09,9,12,15,25,34,36,3,103011505000,3119380079,8,63017780,66,1495568,2781,50000,136828,5000,2278193,6.0,0.0,2.0
1011,2022-04-16,1,9,12,26,35,38,42,101799373000,2220348512,11,53561039,76,1444514,2818,50000,137485,5000,2292065,6.0,0.0,5.0
1012,2022-04-23,5,11,18,20,35,45,3,101948323000,1861944318,13,53081746,76,1399797,2882,50000,141514,5000,2324952,12.0,0.0,1.0
1013,2022-04-30,21,22,26,34,36,41,32,101747653000,5047570725,5,53244417,79,1626570,2586,50000,128697,5000,2157701,5.0,0.0,0.0
1014,2022-05-07,3,11,14,18,26,27,21,102396369000,2410449338,10,58223414,69,1410115,2849,50000,143906,5000,2372712,4.0,2.0,4.0
1015,2022-05-14,14,23,31,33,37,40,44,102562683000,3051105610,8,39883734,102,1412549,2880,50000,144321,5000,2304033,3.0,0.0,5.0
1016,2022-05-21,15,26,28,34,41,42,44,101583153000,2260660671,11,60949185,68,1543018,2686,50000,132413,5000,2202914,10.0,0.0,1.0
1017,2022-05-28,12,18,22,23,30,34,32,101382790000,3517684822,7,58628081,70,1580881,2596,50000,133621,5000,2235724,6.0,0.0,1.0
1018,2022-06-04,3,19,21,25,37,45,35,101151805000,12361744688,2,66460993,62,1530109,2693,50000,130602,5000,2216230,2.0,0.0,0.0
1019,2022-06-11,1,4,13,17,34,39,6,102804882000,438565140,50,48729460,75,627634,5823,50000,192646,5000,2506493,6.0,2.0,42.0
1020,2022-06-18,12,27,29,38,41,45,6,104996396000,1966431520,13,55332489,77,1512461,2817,50000,138221,5000,2300467,12.0,0.0,1.0
1021,2022-06-25,12,15,17,24,29,45,16,101960162000,2108962250,12,75320081,56,1713907,2461,50000,126484,5000,2182497,11.0,0.0,1.0
1022,2022-07-02,5,6,11,29,42,45,28,99233031000,4866468075,5,64371271,63,1571857,2580,50000,127962,5000,2155059,5.0,0.0,0.0
1023,2022-07-09,10,14,16,18,29,35,25,100399659000,2745677875,9,57201623,72,1643463,2506,50000,127810,5000,2172239,6.0,1.0,2.0
1024,2022-07-16,9,18,20,22,38,44,10,100081038000,3020323500,8,63922191,63,1539411,2616,50000,134065,5000,2224097,7.0,0.0,1.0
1025,2022-07-23,8,9,20,25,29,33,7,101318529000,6118853344,4,59119356,69,1527232,2671,50000,134665,5000,2258426,4.0,0.0,0.0
1026,2022-07-30,5,12,13,31,32,41,34,101556379000,1619118475,15,53260477,76,1452907,2786,50000,138907,5000,2290094,13.0,0.0,2.0
1027,2022-08-06,14,16,27,35,39,45,5,101195159000,2460504338,10,49407718,83,1518830,2700,50000,134097,5000,2217201,7.0,0.0,3.0
1028,2022-08-13,5,7,12,13,18,35,23,100613537000,1181235132,20,43268687,91,1401228,2810,50000,142778,5000,2333653,18.0,0.0,2.0
1029,2022-08-20,12,30,32,37,39,41,24,101336312000,2527848450,10,67952916,62,1611738,2614,50000,125573,5000,2136972,9.0,1.0,0.0
1030,2022-08-27,2,5,11,17,24,29,9,104899923000,1276406507,19,38864942,104,1233055,3278,50000,154929,5000,2473576,8.0,3.0,8.0
1031,2022-09-03,6,7,22,32,35,36,19,104316078000,3213957563,8,66957450,64,1536493,2789,50000,132815,5000,2247015,6.0,0.0,2.0
1032,2022-09-10,1,6,12,19,36,42,28,110907011000,2675257538,10,49541807,90,1448591,3078,50000,149807,5000,2458611,8.0,0.0,2.0
1033,2022-09-17,3,11,15,20,35,44,10,104642258000,1913414943,13,52477625,79,1344708,3083,50000,145505,5000,2376004,9.0,0.0,4.0
1034,2022-09-24,26,31,32,33,38,40,11,107150089000,2868856209,9,65201278,66,1484916,2898,50000,142939,5000,2400364,7.0,0.0,2.0
1035,2022-10-01,9,14,34,35,41,42,2,106759523000,3231193735,8,60679695,71,1512732,2848,50000,141624,5000,2366499,7.0,0.0,1.0
1036,2022-10-08,2,5,22,32,34,45,39,103753936000,2837323167,9,66499762,64,1641337,2593,50000,133443,5000,2231388,5.0,0.0,4.0
1037,2022-10-15,2,14,15,22,27,33,31,104840173000,1708576825,15,54762078,78,1574435,2713,50000,137021,5000,2279500,11.0,0.0,4.0
1038,2022-10-22,7,16,24,27,37,44,2,104932409000,1627457225,15,52839521,77,1209466,3364,50000,154690,5000,2436512,10.0,0.0,5.0
1039,2022-10-29,2,3,6,19,36,39,26,105259066000,1585019672,16,52833990,80,1524241,2773,50000,140403,5000,2359126,15.0,1.0,0.0
1040,2022-11-05,8,16,26,29,31,36,11,104007239000,3660482625,7,67786716,63,1653335,2583,50000,133245,5000,2235373,5.0,0.0,2.0
1041,2022-11-12,6,7,9,11,17,18,45,105301601000,935091165,25,45837803,85,987133,3947,50000,167535,5000,2620869,6.0,0.0,19.0
1042,2022-11-19,5,14,15,23,34,43,4,106510259000,1240663669,20,41355456,100,1159391,3567,50000,157156,5000,2462593,7.0,1.0,12.0
1043,2022-11-26,3,5,12,22,26,31,19,107045942000,1468646956,17,48385656,86,1318494,3156,50000,155087,5000,2495858,12.0,0.0,5.0
1044,2022-12-03,12,17,20,26,28,36,4,102891973000,3136941235,8,58091505,72,1610547,2597,50000,134226,5000,2254796,6.0,0.0,2.0
1045,2022-12-10,6,14,15,19,21,41,37,105380282000,1990060443,13,64355189,67,1597554,2699,50000,135872,5000,2280432,10.0,1.0,2.0
1046,2022-12-17,7,16,25,29,35,36,28,100923993000,2011415719,12,70575991,57,1359524,2959,50000,139560,5000,2260269,7.0,1.0,4.0
1047,2022-12-24,2,20,33,40,42,44,32,103058179000,2748797875,9,49677071,83,1511436,2728,50000,139530,5000,2313403,6.0,0.0,3.0
1048,2022-12-31,6,12,17,21,32,39,30,117323901000,1612494508,17,44791515,102,1196944,3817,50000,170086,5000,2721555,13.0,0.0,4.0
1049,2023-01-07,3,5,13,20,21,37,17,108444724000,1727810100,15,48533992,89,1455366,2968,50000,147061,5000,2462622,9.0,0.0,6.0
1050,2023-01-14,6,12,31,35,38,43,17,108072602000,1535083280,17,62134324,70,1517587,2866,50000,144610,5000,2402116,14.0,0.0,3.0
1051,2023-01-21,21,26,30,32,33,35,44,119243907000,1669558480,18,71552507,70,1773611,2824,50000,143314,5000,2477370,17.0,0.0,1.0
1052,2023-01-28,5,17,26,27,35,38,1,107565461000,2341682762,11,39750788,108,1467220,2926,50000,148178,5000,2405830,5.0,1.0,5.0
1053,2023-02-04,22,26,29,30,34,45,15,113721665000,4090367411,7,74563990,64,1766135,2702,50000,136905,5000,2367764,7.0,0.0,0.0
1054,2023-02-11,14,19,27,28,30,45,33,113660567000,3147925709,9,71543767,66,1739827,2714,50000,140308,5000,2407955,7.0,0.0,2.0
1055,2023-02-18,4,7,12,14,22,33,31,112488256000,2362815205,11,47085086,92,1269215,3413,50000,165590,5000,2662001,5.0,0.0,6.0
1056,2023-02-25,13,20,24,32,36,45,29,113279615000,1969662456,14,56739248,81,1425964,3223,50000,150996,5000,2464595,11.0,1.0,2.0
1057,2023-03-04,8,13,19,27,40,45,12,112523887000,1616069714,17,6895880,664,1545870,2962,50000,146471,5000,2461496,13.0,0.0,4.0
1058,2023-03-11,11,23,25,30,32,40,42,112041382000,2058020250,13,74317398,60,1450568,3074,50000,152446,5000,2545208,7.0,1.0,5.0
1059,2023-03-18,7,10,22,25,34,40,27,110846824000,2033168481,13,53074680,83,1408762,3127,50000,151941,5000,2516955,8.0,1.0,4.0
1060,2023-03-25,3,10,24,33,38,45,36,110677185000,898238907,28,43664392,96,912646,4593,50000,179475,5000,2566118,12.0,1.0,15.0
1061,2023-04-01,4,24,27,35,37,45,15,109909344000,2422768773,11,44866089,99,1479102,3003,50000,145857,5000,2425576,4.0,3.0,4.0
1062,2023-04-08,20,31,32,40,41,45,12,107109911000,3801933804,7,65229257,68,1662515,2668,50000,133599,5000,2278058,7.0,0.0,0.0
1063,2023-04-15,3,6,22,23,24,38,30,108347135000,3770311875,7,79976313,55,1625535,2706,50000,139518,5000,2401618,7.0,0.0,0.0
1064,2023-04-22,3,6,9,18,22,35,14,109427584000,1348168106,19,68858049,62,1295267,3296,50000,158665,5000,2525390,7.0,5.0,7.0
1065,2023-04-29,3,18,19,23,32,45,24,108181727000,1852593938,14,58415125,74,1386821,3117,50000,148561,5000,2416212,9.0,1.0,4.0
1066,2023-05-06,6,11,16,19,21,32,45,106440950000,1670947250,15,47470093,88,1257108,3323,50000,152826,5000,2432046,11.0,1.0,3.0
1067,2023-05-13,7,10,19,23,28,33,18,110703299000,1981114010,13,52346509,82,1166734,3679,50000,163488,5000,2567588,5.0,0.0,8.0
1068,2023-05-20,4,7,19,26,33,35,3,108988932000,1363929514,19,49644944,87,1386998,3114,50000,150789,5000,2480427,13.0,1.0,5.0
1069,2023-05-27,1,10,18,22,28,31,44,108388892000,1863217554,14,55031743,79,1446277,3006,50000,146335,5000,2419527,8.0,1.0,5.0
1070,2023-06-03,3,6,14,22,30,41,36,107222802000,1859116929,14,68856183,63,1476495,2938,50000,142759,5000,2353987,12.0,0.0,2.0
1071,2023-06-10,1,2,11,21,30,35,39,107362630000,5183979750,5,52047990,83,1494287,2891,50000,143234,5000,2391950,5.0,0.0,0.0
1072,2023-06-17,16,18,20,23,32,43,27,108156654000,2175006375,12,46774331,93,1514629,2872,50000,145504,5000,2400605,9.0,0.0,3.0
1073,2023-06-24,6,18,28,30,32,38,15,107352123000,2345227603,11,69348129,62,1436067,2994,50000,146834,5000,2387538,9.0,0.0,2.0
1074,2023-07-01,1,6,20,27,28,41,15,105744157000,2134763657,12,54737530,78,1574891,2711,50000,143155,5000,2311622,11.0,0.0,1.0
1075,2023-07-08,1,23,24,35,44,45,10,105635232000,2896337167,9,27153161,160,1579821,2750,50000,134529,5000,2267024,9.0,0.0,0.0
1076,2023-07-15,3,7,9,33,36,37,10,103168694000,2672689750,9,46616682,86,1289494,3109,50000,148521,5000,2417204,5.0,1.0,3.0
1077,2023-07-22,4,8,17,30,40,43,34,105927489000,3570901018,7,42510727,98,1287806,3235,50000,149808,5000,2428987,3.0,0.0,4.0
1078,2023-07-29,6,10,11,14,36,38,43,105407618000,2141604938,12,55626103,77,1591680,2691,50000,135352,5000,2334106,10.0,1.0,1.0
1079,2023-08-05,4,8,18,24,37,45,6,103120206000,2712329417,9,47864637,85,1266655,3212,50000,145773,5000,2344700,4.0,0.0,5.0
1080,2023-08-12,13,16,23,31,36,44,38,104111986000,3639444429,7,51780714,82,1561037,2720,50000,136257,5000,2254999,7.0,0.0,0.0
1081,2023-08-19,1,9,16,23,24,38,17,106974323000,2343892944,11,46708012,92,1470112,2923,50000,143152,5000,2390493,9.0,0.0,2.0
1082,2023-08-26,21,26,27,32,34,42,31,107566880000,3720489643,7,70009214,62,1568126,2768,50000,142123,5000,2390544,5.0,0.0,2.0
1083,2023-09-02,3,7,14,15,22,38,17,108995141000,1713084525,15,59482102,72,1308098,3274,50000,154536,5000,2501816,8.0,0.0,7.0
1084,2023-09-09,8,12,13,29,33,42,5,109818924000,1738764600,15,40625342,107,1447523,3003,50000,151391,5000,2512924,11.0,0.0,4.0
1085,2023-09-16,4,7,17,18,38,44,36,106249975000,1073277473,23,51427879,80,1185316,3471,50000,156670,5000,2475529,14.0,1.0,8.0
1086,2023-09-23,11,16,25,27,35,36,37,109250306000,1515913809,17,64105808,67,1313483,3270,50000,155241,5000,2500478,12.0,0.0,5.0
1087,2023-09-30,13,14,18,21,34,44,16,113960897000,1732253602,16,65061169,71,1545448,2989,50000,149854,5000,2506601,14.0,1.0,1.0
1088,2023-10-07,11,21,22,30,39,44,31,109089305000,2434697898,11,47485243,94,1492348,2991,50000,141487,5000,2352280,10.0,0.0,1.0
1089,2023-10-14,4,18,31,37,42,43,40,108725932000,2978522167,9,56554219,79,1581517,2825,50000,138575,5000,2338390,6.0,0.0,3.0
1090,2023-10-21,12,19,21,29,40,45,1,108364862000,2386494614,11,49718638,88,1492747,2931,50000,143714,5000,2398962,9.0,0.0,2.0
1091,2023-10-28,6,20,23,24,28,30,44,109335581000,2898470459,9,66887780,65,1513299,2873,50000,149578,5000,2481449,9.0,0.0,0.0
1092,2023-11-04,7,18,19,26,33,45,37,108970510000,1583289844,16,50263170,84,1269044,3327,50000,160096,5000,2540721,11.0,0.0,5.0
1093,2023-11-11,10,17,22,30,35,43,44,105589036000,1967040750,13,65568025,65,1455575,2928,50000,141232,5000,2327509,9.0,3.0,1.0
1094,2023-11-18,6,7,15,22,26,40,41,104078823000,2112854469,12,48571368,87,1550719,2725,50000,136802,5000,2278728,8.0,0.0,4.0
1095,2023-11-25,8,14,28,29,34,40,12,106160572000,2617825575,10,76544608,57,1688484,2584,50000,135653,5000,2278659,9.0,0.0,1.0
1096,2023-12-02,1,12,16,19,23,43,34,105753078000,2539391175,10,49791984,85,1447442,2924,50000,141700,5000,2386598,10.0,0.0,0.0
1097,2023-12-09,14,33,34,35,37,40,4,108873101000,3864293090,7,67288686,67,1713547,2631,50000,135670,5000,2317263,7.0,0.0,0.0
1098,2023-12-16,12,16,21,24,41,43,15,103850339000,1930461895,13,61509816,68,1472771,2840,50000,138090,5000,2311866,9.0,0.0,4.0
1099,2023-12-23,3,20,28,38,40,43,4,107510729000,2959934125,9,62533820,71,1643800,2701,50000,134122,5000,2306011,7.0,0.0,2.0
1100,2023-12-30,17,26,29,30,31,43,12,116187023000,2207575472,13,59050373,81,1667160,2869,50000,146262,5000,2503154,12.0,0.0,1.0
1101,2024-01-06,6,7,13,28,36,42,41,114758876000,2100529500,13,60681964,75,1353300,3363,50000,159797,5000,2596082,10.0,0.0,3.0
1102,2024-01-13,13,14,22,26,37,38,20,113178102000,1383591413,20,73205895,63,1516099,3042,50000,147705,5000,2461606,16.0,0.0,4.0
1103,2024-01-20,10,12,29,31,40,44,2,110195070000,1574419633,17,58695469,76,1533468,2909,50000,144537,5000,2436768,11.0,1.0,5.0
1104,2024-01-27,1,7,21,30,35,38,2,112449384000,1817193100,15,59776089,76,1514328,3000,50000,148589,5000,2490276,9.0,0.0,6.0
1105,2024-02-03,6,16,34,37,39,40,11,113295292000,1834853800,15,55266681,83,1582863,2898,50000,148700,5000,2503114,11.0,1.0,3.0
1106,2024-02-10,1,3,4,29,42,45,36,126617296000,2790462819,11,76355948,67,1516257,3374,50000,168792,5000,2788452,9.0,0.0,2.0
1107,2024-02-17,6,14,30,31,40,41,29,117664962000,2025625233,14,57639743,82,1407942,3357,50000,162265,5000,2581512,9.0,2.0,3.0
1108,2024-02-24,7,19,26,37,39,44,27,114578905000,1957990849,14,47590056,96,1415757,3227,50000,157579,5000,2572268,12.0,1.0,1.0
1109,2024-03-02,10,12,13,19,33,40,2,117196327000,1584352875,17,53440474,84,1341202,3347,50000,180255,5000,2734683,14.0,0.0,3.0
1110,2024-03-09,3,7,11,20,22,41,24,115083786000,1647392719,16,37229214,118,1202258,3654,50000,173234,5000,2747163,10.0,0.0,6.0
1111,2024-03-16,3,13,30,33,43,45,4,116382835000,1714662540,16,47138490,97,897260,5096,50000,171363,5000,2608760,6.0,0.0,10.0
1112,2024-03-23,16,20,26,36,42,44,24,114216084000,2804455650,10,79221912,59,1519043,3077,50000,148163,5000,2461430,10.0,0.0,0.0
1113,2024-03-30,11,13,20,21,32,44,8,113342318000,1987426822,14,81356654,57,1579472,2936,50000,146997,5000,2444535,12.0,0.0,2.0
1114,2024-04-06,10,16,19,32,33,38,3,113597890000,1583813824,17,50994006,88,1393193,3221,50000,160537,5000,2574463,9.0,0.0,8.0
1115,2024-04-13,7,12,23,32,34,36,8,113939215000,2257278282,12,75242610,60,1454901,3103,50000,158614,5000,2584491,7.0,0.0,5.0
1116,2024-04-20,15,16,17,25,30,31,32,110862553000,2695000238,10,39400589,114,1550991,2896,50000,145548,5000,2444108,5.0,1.0,4.0
1117,2024-04-27,3,4,9,30,33,36,7,113895333000,3028385542,9,48325302,94,1437071,3161,50000,155379,5000,2567618,6.0,1.0,2.0
1118,2024-05-04,11,13,14,15,16,45,3,113727120000,1477445132,19,64980226,72,1329897,3518,50000,145194,5000,2435050,16.0,0.0,3.0
1119,2024-05-11,1,9,12,13,20,45,3,111840714000,1396028764,19,45574823,97,1422381,3108,50000,155000,5000,2560859,15.0,0.0,4.0
1120,2024-05-18,2,19,26,31,38,41,34,114804359000,2522163375,11,50812816,91,1516552,3049,50000,154910,5000,2532990,8.0,2.0,1.0
1121,2024-05-25,6,24,31,32,38,44,8,113898519000,2524513262,11,60898347,76,1565723,2956,50000,148984,5000,2494773,8.0,0.0,3.0
1122,2024-06-01,3,6,21,30,34,35,22,115540004000,2556266046,11,47338261,99,1598393,2932,50000,151473,5000,2540890,9.0,1.0,1.0
1123,2024-06-08,13,19,21,24,34,35,26,113142957000,1731310711,16,59958813,77,1567684,2945,50000,147087,5000,2456500,13.0,0.0,3.0
1124,2024-06-15,3,8,17,30,33,34,28,112014841000,2623327913,10,50255324,87,1400005,3123,50000,158630,5000,2619643,5.0,1.0,4.0
1125,2024-06-22,6,14,25,33,40,44,30,109407294000,2195289188,12,56289467,78,1432022,3066,50000,147313,5000,2442674,8.0,1.0,3.0
1126,2024-06-29,4,5,9,11,37,40,7,111998191000,2386382421,11,48077302,91,1404957,3114,50000,157300,5000,2626764,10.0,0.0,1.0
1127,2024-07-06,10,15,24,30,31,37,32,111571373000,2267891969,12,53997428,84,1508409,3007,50000,145646,5000,2443423,10.0,0.0,2.0
1128,2024-07-13,1,5,8,16,28,33,45,111364194000,419925560,63,57262577,77,1476137,2987,50000,153592,5000,2545750,11.0,0.0,52.0
1129,2024-07-20,5,10,11,17,28,34,22,110363498000,2369567660,11,40600069,107,1382625,3142,50000,154322,5000,2542398,6.0,1.0,4.0
1130,2024-07-27,15,19,21,25,27,28,40,109515089000,2263301219,12,65602934,69,1560898,2900,50000,137397,5000,2334975,10.0,1.0,1.0
1131,2024-08-03,1,2,6,14,27,38,33,109120798000,1542367898,17,78036471,56,1527453,2861,50000,144842,5000,2471592,10.0,0.0,7.0
1132,2024-08-10,6,7,19,28,34,41,5,110018123000,2404951807,11,60398334,73,1428736,3086,50000,148359,5000,2463697,7.0,1.0,3.0
1133,2024-08-17,13,14,20,28,29,34,23,111210839000,2105079491,13,62479529,73,1666426,2737,50000,143047,5000,2393005,12.0,0.0,1.0
1134,2024-08-24,3,7,9,13,19,24,23,111660087000,1755689384,14,42233078,97,1034236,3961,50000,180353,5000,2807905,8.0,2.0,4.0
1135,2024-08-31,1,6,13,19,21,33,4,113817137000,2953726125,9,48687794,91,1296632,3417,50000,163808,5000,2654691,5.0,1.0,3.0
1136,2024-09-07,21,33,35,38,42,44,1,113031911000,2314468157,12,61719151,75,1592890,2906,50000,144451,5000,2452383,8.0,0.0,4.0
1137,2024-09-14,4,9,12,15,33,45,26,119250007000,2023447688,14,42534937,111,1420818,3323,50000,163296,5000,2737836,9.0,1.0,4.0
1138,2024-09-21,14,16,19,20,29,34,35,109651510000,1902656786,14,88790650,50,1549576,2865,50000,145690,5000,2404999,8.0,0.0,6.0
1139,2024-09-28,5,12,15,30,37,40,18,117915887000,2167490972,13,62616406,75,1449454,3240,50000,163236,5000,2645260,10.0,1.0,2.0
1140,2024-10-05,7,10,22,29,31,38,15,115238556000,2279823938,12,54935517,83,1363124,3345,50000,158343,5000,2644989,8.0,0.0,4.0
1141,2024-10-12,7,11,12,21,26,35,20,115803173000,2457758285,11,45058902,100,1336663,3371,50000,165233,5000,2718563,6.0,0.0,5.0
1142,2024-10-19,2,8,28,30,37,41,22,114254355000,3117517709,9,69795173,67,1645997,2841,50000,146936,5000,2474033,8.0,0.0,1.0
1143,2024-10-26,10,16,17,27,28,36,6,116432896000,2545657023,11,51855977,90,1479721,3154,50000,156400,5000,2612029,9.0,0.0,2.0
1144,2024-11-02,3,4,12,15,26,34,6,116378514000,1489347375,18,47532364,94,1232224,3626,50000,172239,5000,2766594,14.0,1.0,3.0
1145,2024-11-09,2,11,31,33,37,44,32,116115162000,3051630084,9,72657860,63,1382079,3312,50000,164055,5000,2647054,5.0,1.0,3.0
1146,2024-11-16,6,11,17,19,40,43,28,116694743000,2526476353,11,64331574,72,1528672,3030,50000,158146,5000,2677017,8.0,1.0,2.0
1147,2024-11-23,7,11,24,26,27,37,32,115707061000,3323422079,8,53388307,83,1235014,3588,50000,173036,5000,2750379,6.0,0.0,2.0
1148,2024-11-30,3,6,13,15,16,22,32,113188640000,2073332308,13,46311547,97,1457567,3082,50000,154963,5000,2581682,9.0,0.0,4.0
1149,2024-12-07,8,15,19,21,32,36,38,112146718000,1613380765,17,61773588,74,1563354,2924,50000,145209,5000,2448589,8.0,1.0,8.0
1150,2024-12-14,8,9,18,35,39,45,25,114152034000,1570620309,17,19690668,226,1303865,3413,50000,166846,5000,2626598,14.0,0.0,3.0
1151,2024-12-21,2,3,9,15,27,29,8,116118444000,1620503030,17,45013974,102,1370166,3351,50000,163055,5000,2635014,8.0,1.0,8.0
1152,2024-12-28,30,31,32,35,36,37,5,120703009000,874349668,35,64561685,79,1520684,3354,50000,146890,5000,2440804,12.0,1.0,22.0
1153,2025-01-04,1,9,10,13,35,44,5,126343367000,2027312925,15,64155473,79,1445603,3506,50000,167692,5000,2848165,11.0,0.0,4.0
1154,2025-01-11,4,8,22,26,32,38,27,115268257000,1854965425,15,74796993,62,1453735,3190,50000,154785,5000,2559114,12.0,1.0,2.0
1155,2025-01-18,10,16,19,27,37,38,13,118482730000,4066375179,7,60821851,78,1496091,3171,50000,160366,5000,2654046,5.0,0.0,2.0
1156,2025-01-25,30,31,34,39,41,45,7,127643987000,1505207090,21,72167464,73,1507792,3494,50000,162883,5000,2706409,10.0,1.0,10.0
1157,2025-02-01,5,7,12,20,25,26,28,123443439000,2257842157,12,32026130,141,992677,4549,50000,201847,5000,3100779,6.0,2.0,4.0
1158,2025-02-08,21,25,27,32,37,38,20,119706159000,1394358197,21,56747136,86,1609583,3032,50000,155209,5000,2610120,12.0,2.0,7.0
1159,2025-02-15,3,9,27,28,38,39,7,124802304000,1284854250,23,44775224,110,1316215,3742,50000,177373,5000,2826061,7.0,2.0,14.0
1160,2025-02-22,7,13,18,36,39,45,19,123177536000,2509359875,12,59746664,84,1580202,3176,50000,160611,5000,2681692,9.0,1.0,2.0
1161,2025-03-01,2,12,20,24,34,42,37,123230590000,1792657969,16,40858302,117,1163970,4107,50000,181457,5000,2859815,10.0,0.0,6.0
1162,2025-03-08,20,21,22,25,28,29,6,120578328000,823931021,36,63379310,78,1040317,4752,50000,160953,5000,2538565,11.0,2.0,23.0
1163,2025-03-15,2,13,15,16,33,43,4,122246316000,1936891150,15,64563039,75,1430074,3386,50000,168204,5000,2795027,10.0,1.0,4.0
1164,2025-03-22,17,18,23,25,38,39,22,121102645000,2193092164,13,62522365,76,1369366,3470,50000,170045,5000,2807095,10.0,1.0,2.0
1165,2025-03-29,6,7,27,29,38,45,17,118112106000,2192485270,13,52202031,91,1497128,3173,50000,158014,5000,2630455,10.0,1.0,2.0
1166,2025-04-05,14,23,25,27,29,42,16,116717661000,2072319938,14,60442665,80,1725085,2803,50000,147837,5000,2456735,6.0,0.0,8.0
1167,2025-04-12,8,23,31,35,39,40,24,118762131000,2884087913,10,69663960,69,1633859,2942,50000,157094,5000,2614372,6.0,1.0,3.0
1168,2025-04-19,9,21,24,30,33,37,29,117811795000,2136635914,13,62559160,74,1317410,3514,50000,166163,5000,2712545,10.0,0.0,3.0
1169,2025-04-26,5,12,24,26,39,42,20,118803195000,2852735813,10,42451426,112,1465648,3244,50000,160483,5000,2668194,8.0,0.0,2.0
1170,2025-05-03,3,13,28,34,38,42,25,116709995000,1386550969,20,44872200,103,815427,5668,50000,163866,5000,2637401,12.0,1.0,7.0
1171,2025-05-10,3,6,7,11,12,17,19,115285696000,1128345286,21,26683842,148,742752,5317,50000,211503,5000,3094806,3.0,2.0,16.0
1172,2025-05-17,7,9,24,40,42,44,45,117565241000,2203004452,13,48705881,98,1560372,3059,50000,152897,5000,2590472,10.0,1.0,2.0
1173,2025-05-24,1,5,18,20,30,35,3,118782668000,1179946063,24,50210471,94,1503595,3139,50000,163678,5000,2689832,13.0,0.0,11.0
1174,2025-05-31,8,11,14,17,36,39,22,119020467000,1910619425,15,56194689,85,1494540,3196,50000,158944,5000,2670129,7.0,0.0,8.0
1175,2025-06-07,3,4,6,8,32,42,31,117488305000,1384026094,20,50145873,92,1451675,3178,50000,164364,5000,2723718,13.0,2.0,5.0
1176,2025-06-14,7,9,11,21,30,35,29,115765450000,2052166154,13,49959102,89,1258523,3533,50000,171545,5000,2746919,6.0,0.0,7.0
1177,2025-06-21,3,7,15,16,19,43,21,115411832000,4576672000,6,61022294,75,1471126,3111,50000,157438,5000,2644128,6.0,0.0,0.0
1178,2025-06-28,5,6,11,27,43,44,17,118774279000,2391608407,12,53744010,89,1562633,3061,50000,157044,5000,2653841,8.0,1.0,3.0
1179,2025-07-05,3,16,18,24,40,44,21,115024678000,2162821097,13,74382737,63,1567787,2989,50000,148832,5000,2516368,6.0,1.0,6.0
1180,2025-07-12,6,12,18,37,40,41,3,115377965000,2535566421,11,64563034,72,1544365,3010,50000,153274,5000,2567395,10.0,0.0,1.0
1181,2025-07-19,8,10,14,20,33,41,28,113802682000,1593643500,17,52503759,86,1452340,3109,50000,155938,5000,2596371,7.0,0.0,10.0
1182,2025-07-26,1,13,21,25,28,31,22,115431308000,2124785424,13,58274706,79,1526933,3015,50000,156025,5000,2616958,11.0,2.0,0.0
1183,2025-08-02,4,15,17,23,27,36,31,115605968000,2073966000,13,48843403,92,1240297,3623,50000,169030,5000,2680548,9.0,1.0,3.0
1184,2025-08-09,14,16,23,25,31,37,42,117748924000,1910655600,15,50280411,95,1533432,3115,50000,155556,5000,2576710,10.0,0.0,5.0
1185,2025-08-16,6,17,22,28,29,32,38,117480804000,2388695125,12,60473295,79,1645674,2903,50000,153798,5000,2566276,10.0,0.0,2.0
1186,2025-08-23,2,8,13,16,23,28,35,116690738000,1985676911,14,52058946,89,1436221,3226,50000,162707,5000,2628810,8.0,2.0,4.0
1187,2025-08-30,5,13,26,29,37,40,42,117650847000,2619380012,11,60787300,79,1525961,3147,50000,152448,5000,2557090,9.0,0.0,2.0
1188,2025-09-06,3,4,12,19,22,27,9,116617971000,1074625172,24,38725232,111,1157690,3713,50000,188314,5000,2901056,6.0,0.0,18.0
1189,2025-09-13,9,19,29,35,37,38,31,119484685000,2263651299,13,29368730,167,1571477,3121,50000,152345,5000,2577694,12.0,0.0,1.0
1190,2025-09-20,7,9,19,23,26,45,33,118368861000,4622793813,6,40909680,113,1403825,3293,50000,168764,5000,2752776,3.0,0.0,3.0
1191,2025-09-27,1,4,11,12,20,41,2,121272809000,1536334355,18,34916690,132,1263087,3649,50000,184758,5000,2905296,9.0,1.0,8.0
1192,2025-10-04,10,16,23,36,39,40,11,129050196000,1079546587,29,54924300,95,1501096,3476,50000,171551,5000,2841016,19.0,2.0,8.0
1193,2025-10-11,6,9,16,19,24,28,17,118676603000,1717013508,16,54508366,84,1259616,3635,50000,175936,5000,2782376,9.0,0.0,7.0
1194,2025-10-18,3,13,15,24,33,37,2,121085706000,985155349,28,46438300,99,844799,5442,50000,186820,5000,2884544,5.0,3.0,20.0
1195,2025-10-25,3,15,27,33,34,36,37,122918013000,2939186738,10,56960984,86,1467979,3337,50000,165621,5000,2797760,8.0,0.0,2.0
1196,2025-11-01,8,12,15,29,40,45,14,121645432000,2001627550,15,53234776,94,1763860,2837,50000,153894,5000,2619093,15.0,0.0,0.0
1197,2025-11-08,1,5,7,26,28,43,30,120244434000,2205089827,13,64563441,74,1547683,3087,50000,162871,5000,2751422,11.0,0.0,2.0
1198,2025-11-15,26,30,33,38,39,41,21,120207517000,2953686638,10,63112963,78,1582898,3110,50000,155228,5000,2591974,7.0,0.0,3.0
1199,2025-11-22,16,24,25,30,31,32,7,118624796000,1695609839,17,64056372,75,1371070,3504,50000,157073,5000,2604985,11.0,0.0,6.0
1200,2025-11-29,1,2,4,16,20,32,45,118339596000,2357299875,12,58932497,80,1315458,3584,50000,161754,5000,2673060,10.0,0.0,2.0
1201,2025-12-06,7,9,24,27,35,36,37,115389593000,1414555718,19,53326506,84,1348819,3321,50000,166050,5000,2711377,13.0,0.0,6.0
1202,2025-12-13,5,12,21,33,37,40,7,116954237000,1920410813,14,41109712,109,1190478,3764,50000,180212,5000,2723770,8.0,0.0,6.0
1203,2025-12-20,3,6,18,29,35,39,24,121655631000,1368060733,21,40578073,118,1334508,3588,50000,171960,5000,2784823,12.0,1.0,8.0
1204,2025-12-27,8,16,28,30,31,44,27,123758619000,1661007688,18,52452875,95,1482602,3361,50000,164919,5000,2753835,14.0,1.0,3.0
1205,2026-01-03,1,4,16,23,31,41,2,132670747000,3226386263,10,55436191,97,1542545,3486,50000,174740,5000,2915978,9.0,0.0,1.0
1206,2026-01-10,1,3,17,26,27,42,23,121012690000,1868807000,15,63135372,74,1403430,3329,50000,172867,5000,2897371,7.0,3.0,5.0
1207,2026-01-17,10,22,24,27,38,45,11,122934287000,1733202949,17,57101648,86,1459359,3365,50000,168020,5000,2756042,12.0,0.0,5.0
1208,2026-01-24,6,27,30,36,38,42,25,120408668000,5001713625,6,73554613,68,1705906,2932,50000,149359,5000,2544535,6.0,0.0,0.0
1209,2026-01-31,2,17,20,35,37,39,24,124040394000,1371910466,22,68908745,73,1601509,3141,50000,163147,5000,2724028,13.0,2.0,7.0
1210,2026-02-07,1,7,9,17,27,38,31,123111058000,1102298407,24,28818259,153,948418,4649,50000,211663,5000,3139766,13.0,1.0,10.0
1211,2026-02-14,23,26,27,35,38,40,10,134945802000,2370956036,14,64328265,86,1660334,3332,50000,174056,5000,2902451,13.0,0.0,1.0
1212,2026-02-21,5,8,25,31,41,44,45,131727929000,2654089032,12,67192128,79,1524463,3482,50000,175609,5000,2923618,11.0,0.0,1.0
1213,2026-02-28,5,11,25,27,36,38,2,131111079000,1740011646,18,47454864,110,1401728,3724,50000,180063,5000,2958422,15.0,0.0,3.0
1214,2026-03-07,10,15,19,27,30,33,14,124815860000,2431577188,12,49122772,99,1344156,3618,50000,177889,5000,2921649,7.0,0.0,5.0
1215,2026-03-14,13,15,19,21,44,45,39,126977101000,1998542133,16,70124286,76,1708156,3120,50000,153024,5000,2640357,12.0,1.0,3.0
1216,2026-03-21,3,10,14,15,23,24,25,125556526000,2148654000,14,57626736,87,1576085,3181,50000,168089,5000,2853121,8.0,1.0,5.0
1217,2026-03-28,8,10,15,20,29,31,41,125155256000,2179738018,14,59835946,85,1520950,3344,50000,163563,5000,2742207,12.0,0.0,2.0
1218,2026-04-04,3,28,31,32,42,45,25,123335928000,1714482042,18,64293077,80,1780356,2889,50000,150326,5000,2600819,15.0,1.0,2.0
1219,2026-04-11,1,2,15,28,39,45,31,120945801000,2508232844,12,65148906,77,1629252,3079,50000,150733,5000,2560905,10.0,0.0,2.0
1220,2026-04-18,2,22,25,28,34,43,16,121958822000,2114514161,14,58045487,85,1545698,3192,50000,161279,5000,2688906,10.0,2.0,2.0
1221,2026-04-25,6,13,18,28,30,36,9,122979623000,1830801165,16,50855588,96,1408986,3465,50000,174082,5000,2745724,13.0,1.0,2.0
1222,2026-05-02,4,11,17,22,32,41,34,124243558000,1202986844,24,41843021,115,1179110,4081,50000,182844,5000,2896800,15.0,1.0,8.0
1223,2026-05-09,16,18,20,32,33,39,26,122621163000,1857554133,16,48092017,103,1423005,3481,50000,161967,5000,2716882,12.0,0.0,4.0
1224,2026-05-16,9,18,21,27,44,45,28,121110408000,2414855250,12,68995865,70,1431874,3373,50000,166726,5000,2716244,11.0,0.0,1.0
1225,2026-05-23,8,9,19,25,41,42,33,120402887000,2228133087,13,63521338,76,1448432,3333,50000,161090,5000,2705194,12.0,0.0,1.0
1226,2026-05-30,4,6,13,17,26,28,41,120259943000,2815230113,10,62560670,75,1319104,3557,50000,171525,5000,2803464,8.0,0.0,2.0
1227,2026-06-06,1,14,16,34,41,44,13,118882558000,2674808455,11,70054508,70,1612037,3042,50000,151881,5000,2523341,8.0,1.0,2.0
1228,2026-06-13,24,29,30,31,35,44,1,119052273000,2698334421,11,59601765,83,1744340,2836,50000,147604,5000,2514073,10.0,0.0,1.0
1229,2026-06-20,12,13,29,34,37,42,16,116155532000,3519759000,8,52730472,89,1604449,2925,50000,152290,5000,2583834,5.0,1.0,2.0
1230,2026-06-27,3,8,9,22,28,42,45,120177677000,1771357196,16,52484658,90,1415953,3336,50000,168902,5000,2770957,15.0,0.0,1.0
1231,2026-07-04,4,13,14,18,31,38,15,118084580000,1652990074,17,50907303,92,1406871,3329,50000,162821,5000,2686693,14.0,1.0,2.0
1232,2026-07-11,12,15,19,22,24,36,3,114636304000,2533260819,11,50481647,92,1556405,2984,50000,149349,5000,2539242,6.0,3.0,2.0
1233,2026-07-18,2,7,20,25,37,40,29,116159776000,837965396,31,56966946,76,975550,4438,50000,185487,5000,2833927,15.0,3.0,13.0
1234,2026-07-25,1,15,19,31,35,43,27,115990429000,1595129563,18,67399841,71,1603146,2985,50000,146684,5000,2475581,12.0,0.0,6.0
1235,2026-08-01,6,7,11,15,39,43,20,115445069000,3090961625,9,56541981,82,1621701,2859,50000,154048,5000,2585719,7.0,0.0,2.0
1236,2026-08-08,12,18,21,29,34,38,10,114070835000,2441919375,11,53295860,84,1328049,3371,50000,161927,5000,2624850,5.0,1.0,5.0
1237,2026-08-15,10,20,23,34,37,40,36,118363161000,1214932680,23,62096560,75,1243590,3745,50000,172132,5000,2663409,14.0,0.0,9.0
1238,2026-08-22,2,13,18,32,38,42,22,114537798000,1197258718,23,54636807,84,1418700,3235,50000,156141,5000,2549183,10.0,1.0,12.0
1239,2026-08-29,11,13,22,32,33,36,8,117767285000,2214789375,13,67587470,71,1557518,3081,50000,152825,5000,2570542,10.0,1.0,2.0
